{
	"parent": "item/generated",
	"textures": {
		"layer0": "item/crossbow_standby"
    },
    "display": {
        "thirdperson_righthand": {
            "rotation": [ -90, 0, -60 ],
            "translation": [ 2, 0.1, -3 ],
            "scale": [ 0.9, 0.9, 0.9 ]
        },
        "thirdperson_lefthand": {
            "rotation": [ -90, 0, 30 ],
            "translation": [ 2, 0.1, -3 ],
            "scale": [ 0.9, 0.9, 0.9 ]
        },
        "firstperson_righthand": {
            "rotation": [ -90, 0, -55 ],
            "translation": [ 1.13, 3.2, 1.13],
            "scale": [ 0.68, 0.68, 0.68 ]
        },
        "firstperson_lefthand": {
            "rotation": [ -90, 0, 35 ],
            "translation": [ 1.13, 3.2, 1.13],
            "scale": [ 0.68, 0.68, 0.68 ]
        }
    },
    "overrides": [
	
		
        {
            "predicate": {
                "pulling": 1
            },
            "model": "item/crossbow_pulling_0"
        },
        {
            "predicate": {
                "pulling": 1,
                "pull": 0.58
            },
            "model": "item/crossbow_pulling_1"
        },
        {
            "predicate": {
                "pulling": 1,
                "pull": 1.0
            },
            "model": "item/crossbow_pulling_2"
        },
        {
            "predicate": {
                "charged": 1
            },
            "model": "item/crossbow_arrow"
        },
        {
            "predicate": {
                "charged": 1,
                "firework": 1
            },
            "model": "item/crossbow_firework"
        },
{ "predicate": {"charged": 1,
	 "custom_model_data": 691},
	 "model": "item/revolving_flintlock"},
{ "predicate": {"charged": 0,
	 "custom_model_data": 691},
	 "model": "item/revolving_flintlock"},
{ "predicate": {"charged": 1,
	 "custom_model_data": 692},
	 "model": "item/blunderbuss"},
{ "predicate": {"charged": 0,
	 "custom_model_data": 692},
	 "model": "item/blunderbuss"},
{ "predicate": {"charged": 1,
	 "custom_model_data": 693},
	 "model": "item/brownbess"},
{ "predicate": {"charged": 0,
	 "custom_model_data": 693},
	 "model": "item/brownbess"},
{ "predicate": {"charged": 1,
	 "custom_model_data": 694},
	 "model": "item/flintlockpistol"},
{ "predicate": {"charged": 0,
	 "custom_model_data": 694},
	 "model": "item/flintlockpistol"},
{ "predicate": {"charged": 1,
	 "custom_model_data": 695},
	 "model": "item/jezail"},
{ "predicate": {"charged": 0,
	 "custom_model_data": 695},
	 "model": "item/jezail"},
{ "predicate": {"charged": 1,
	 "custom_model_data": 696},
	 "model": "item/nockgun"},
{ "predicate": {"charged": 0,
	 "custom_model_data": 696},
	 "model": "item/nockgun"},
{ "predicate": {"charged": 1,
	 "custom_model_data": 697},
	 "model": "item/l96"},
{ "predicate": {"charged": 0,
	 "custom_model_data": 697},
	 "model": "item/l96"},
{ "predicate": {"charged": 1,
	 "custom_model_data": 698},
	 "model": "item/steyr1895"},
{ "predicate": {"charged": 0,
	 "custom_model_data": 698},
	 "model": "item/steyr1895"},
{ "predicate": {"charged": 1,
	 "custom_model_data": 699},
	 "model": "item/berthier0715"},
{ "predicate": {"charged": 0,
	 "custom_model_data": 699},
	 "model": "item/berthier0715"},
{ "predicate": {"charged": 1,
	 "custom_model_data": 700},
	 "model": "item/gewehr98"},
{ "predicate": {"charged": 0,
	 "custom_model_data": 700},
	 "model": "item/gewehr98"},
{ "predicate": {"charged": 1,
	 "custom_model_data": 701},
	 "model": "item/carcano"},
{ "predicate": {"charged": 0,
	 "custom_model_data": 701},
	 "model": "item/carcano"},
{ "predicate": {"charged": 1,
	 "custom_model_data": 702},
	 "model": "item/nagantrifle"},
{ "predicate": {"charged": 0,
	 "custom_model_data": 702},
	 "model": "item/nagantrifle"},
{ "predicate": {"charged": 1,
	 "custom_model_data": 703},
	 "model": "item/smle1miii"},
{ "predicate": {"charged": 0,
	 "custom_model_data": 703},
	 "model": "item/smle1miii"},
{ "predicate": {"charged": 1,
	 "custom_model_data": 704},
	 "model": "item/springfieldm1903"},
{ "predicate": {"charged": 0,
	 "custom_model_data": 704},
	 "model": "item/springfieldm1903"},
{ "predicate": {"charged": 1,
	 "custom_model_data": 705},
	 "model": "item/lewislmg"},
{ "predicate": {"charged": 0,
	 "custom_model_data": 705},
	 "model": "item/lewislmg"},
{ "predicate": {"charged": 1,
	 "custom_model_data": 706},
	 "model": "item/chauchatlmg"},
{ "predicate": {"charged": 0,
	 "custom_model_data": 706},
	 "model": "item/chauchatlmg"},
{ "predicate": {"charged": 1,
	 "custom_model_data": 707},
	 "model": "item/madsenlmg"},
{ "predicate": {"charged": 0,
	 "custom_model_data": 707},
	 "model": "item/madsenlmg"},
{ "predicate": {"charged": 1,
	 "custom_model_data": 708},
	 "model": "item/maxim0815"},
{ "predicate": {"charged": 0,
	 "custom_model_data": 708},
	 "model": "item/maxim0815"},
{ "predicate": {"charged": 1,
	 "custom_model_data": 709},
	 "model": "item/mp18smg"},
{ "predicate": {"charged": 0,
	 "custom_model_data": 709},
	 "model": "item/mp18smg"},
{ "predicate": {"charged": 1,
	 "custom_model_data": 710},
	 "model": "item/guns/m1897"},
{ "predicate": {"charged": 0,
	 "custom_model_data": 710},
	 "model": "item/guns/m1897"},
{ "predicate": {"charged": 1,
	 "custom_model_data": 711},
	 "model": "item/guns/luger"},
{ "predicate": {"charged": 0,
	 "custom_model_data": 711},
	 "model": "item/guns/luger"},
{ "predicate": {"charged": 1,
	 "custom_model_data": 712},
	 "model": "item/guns/artilleryluger"},
{ "predicate": {"charged": 0,
	 "custom_model_data": 712},
	 "model": "item/guns/artilleryluger"},
{ "predicate": {"charged": 1,
	 "custom_model_data": 713},
	 "model": "item/guns/coltm1911"},
{ "predicate": {"charged": 0,
	 "custom_model_data": 713},
	 "model": "item/guns/coltm1911"},
{ "predicate": {"charged": 1,
	 "custom_model_data": 714},
	 "model": "item/guns/barlmg"},
{ "predicate": {"charged": 0,
	 "custom_model_data": 714},
	 "model": "item/guns/barlmg"},
{ "predicate": {"charged": 1,
	 "custom_model_data": 715},
	 "model": "item/guns/webley"},
{ "predicate": {"charged": 0,
	 "custom_model_data": 715},
	 "model": "item/guns/webley"},
{ "predicate": {"charged": 1,
	 "custom_model_data": 716},
	 "model": "item/guns/tgewehr"},
{ "predicate": {"charged": 0,
	 "custom_model_data": 716},
	 "model": "item/guns/tgewehr"},
{ "predicate": {"charged": 1,
	 "custom_model_data": 717},
	 "model": "item/guns/flamethrower"},
{ "predicate": {"charged": 0,
	 "custom_model_data": 717},
	 "model": "item/guns/flamethrower"}
    ]
}