{
	"credit": "Made with Blockbench",
	"textures": {
		"1": "blocks/greyf",
		"2": "blocks/greyd",
		"3": "blocks/greyc",
		"4": "blocks/black",
		"8": "blocks/mg98brown",
		"particle": "blocks/brown"
	},
	"elements": [
		{
			"from": [7.25, 7.67929, 11.3],
			"to": [7.75, 8.17929, 11.9],
			"rotation": {"angle": 45, "axis": "z", "origin": [7.5, 7.92929, 11.6]},
			"faces": {
				"north": {"uv": [16, 0, 0, 16], "texture": "#3"},
				"east": {"uv": [16, 0, 0, 16], "texture": "#3"},
				"south": {"uv": [16, 0, 0, 16], "texture": "#3"},
				"west": {"uv": [16, 0, 0, 16], "texture": "#3"},
				"up": {"uv": [16, 0, 0, 16], "texture": "#3"},
				"down": {"uv": [16, 0, 0, 16], "texture": "#3"}
			}
		},
		{
			"from": [7.35, 7.77929, 10.8],
			"to": [7.65, 8.07929, 11.3],
			"rotation": {"angle": 45, "axis": "z", "origin": [7.5, 7.92929, 6]},
			"faces": {
				"north": {"uv": [16, 0, 0, 16], "texture": "#1"},
				"east": {"uv": [16, 0, 0, 16], "texture": "#1"},
				"south": {"uv": [16, 0, 0, 16], "texture": "#1"},
				"west": {"uv": [16, 0, 0, 16], "texture": "#1"},
				"up": {"uv": [16, 0, 0, 16], "texture": "#1"},
				"down": {"uv": [16, 0, 0, 16], "texture": "#1"}
			}
		},
		{
			"from": [7.25, 7.67929, 10.2],
			"to": [7.75, 8.17929, 10.8],
			"rotation": {"angle": 45, "axis": "z", "origin": [7.5, 7.92929, 6]},
			"faces": {
				"north": {"uv": [16, 0, 0, 16], "texture": "#3"},
				"east": {"uv": [16, 0, 0, 16], "texture": "#3"},
				"south": {"uv": [16, 0, 0, 16], "texture": "#3"},
				"west": {"uv": [16, 0, 0, 16], "texture": "#3"},
				"up": {"uv": [16, 0, 0, 16], "texture": "#3"},
				"down": {"uv": [16, 0, 0, 16], "texture": "#3"}
			}
		},
		{
			"from": [7.5, 7.92929, 10.8],
			"to": [7.75, 8.17929, 11.3],
			"rotation": {"angle": 45, "axis": "z", "origin": [7.5, 7.92929, 6]},
			"faces": {
				"north": {"uv": [16, 0, 0, 16], "texture": "#3"},
				"east": {"uv": [16, 0, 0, 16], "texture": "#3"},
				"south": {"uv": [16, 0, 0, 16], "texture": "#3"},
				"west": {"uv": [16, 0, 0, 16], "texture": "#3"},
				"up": {"uv": [16, 0, 0, 16], "texture": "#3"},
				"down": {"uv": [16, 0, 0, 16], "texture": "#3"}
			}
		},
		{
			"from": [7.25, 7.67929, 10.8],
			"to": [7.5, 7.92929, 11.3],
			"rotation": {"angle": 45, "axis": "z", "origin": [7.5, 7.92929, 6]},
			"faces": {
				"north": {"uv": [16, 0, 0, 16], "texture": "#3"},
				"east": {"uv": [16, 0, 0, 16], "texture": "#3"},
				"south": {"uv": [16, 0, 0, 16], "texture": "#3"},
				"west": {"uv": [16, 0, 0, 16], "texture": "#3"},
				"up": {"uv": [16, 0, 0, 16], "texture": "#3"},
				"down": {"uv": [16, 0, 0, 16], "texture": "#3"}
			}
		},
		{
			"from": [7.25, 7.72929, 1.8],
			"to": [7.35, 7.82929, 10.2],
			"rotation": {"angle": 45, "axis": "z", "origin": [7.5, 7.97929, 5.4]},
			"faces": {
				"north": {"uv": [16, 0, 0, 16], "texture": "#3"},
				"east": {"uv": [16, 0, 0, 16], "texture": "#3"},
				"south": {"uv": [16, 0, 0, 16], "texture": "#3"},
				"west": {"uv": [16, 0, 0, 16], "texture": "#3"},
				"up": {"uv": [16, 0, 0, 16], "texture": "#3"},
				"down": {"uv": [16, 0, 0, 16], "texture": "#3"}
			}
		},
		{
			"from": [7.55, 7.72929, 1.8],
			"to": [7.65, 7.82929, 10.2],
			"rotation": {"angle": 45, "axis": "z", "origin": [7.5, 7.97929, 5.4]},
			"faces": {
				"north": {"uv": [16, 0, 0, 16], "texture": "#3"},
				"east": {"uv": [16, 0, 0, 16], "texture": "#3"},
				"south": {"uv": [16, 0, 0, 16], "texture": "#3"},
				"west": {"uv": [16, 0, 0, 16], "texture": "#3"},
				"up": {"uv": [16, 0, 0, 16], "texture": "#3"},
				"down": {"uv": [16, 0, 0, 16], "texture": "#3"}
			}
		},
		{
			"from": [7.55, 7.82929, 1.8],
			"to": [7.65, 8.02929, 2.2],
			"rotation": {"angle": 45, "axis": "z", "origin": [7.5, 7.97929, 5.4]},
			"faces": {
				"north": {"uv": [16, 0, 0, 16], "texture": "#3"},
				"east": {"uv": [16, 0, 0, 16], "texture": "#3"},
				"south": {"uv": [16, 0, 0, 16], "texture": "#3"},
				"west": {"uv": [16, 0, 0, 16], "texture": "#3"},
				"up": {"uv": [16, 0, 0, 16], "texture": "#3"},
				"down": {"uv": [16, 0, 0, 16], "texture": "#3"}
			}
		},
		{
			"from": [7.25, 7.82929, 1.8],
			"to": [7.35, 8.02929, 2.2],
			"rotation": {"angle": 45, "axis": "z", "origin": [7.5, 7.97929, 5.4]},
			"faces": {
				"north": {"uv": [16, 0, 0, 16], "texture": "#3"},
				"east": {"uv": [16, 0, 0, 16], "texture": "#3"},
				"south": {"uv": [16, 0, 0, 16], "texture": "#3"},
				"west": {"uv": [16, 0, 0, 16], "texture": "#3"},
				"up": {"uv": [16, 0, 0, 16], "texture": "#3"},
				"down": {"uv": [16, 0, 0, 16], "texture": "#3"}
			}
		},
		{
			"from": [7.35, 7.72929, 1.8],
			"to": [7.55, 7.82929, 2.2],
			"rotation": {"angle": 45, "axis": "z", "origin": [7.5, 7.97929, 5.4]},
			"faces": {
				"north": {"uv": [16, 0, 0, 16], "texture": "#3"},
				"east": {"uv": [16, 0, 0, 16], "texture": "#3"},
				"south": {"uv": [16, 0, 0, 16], "texture": "#3"},
				"west": {"uv": [16, 0, 0, 16], "texture": "#3"},
				"up": {"uv": [16, 0, 0, 16], "texture": "#3"},
				"down": {"uv": [16, 0, 0, 16], "texture": "#3"}
			}
		},
		{
			"from": [7.4, 7.87929, 1.7],
			"to": [7.5, 7.97929, 10.2],
			"rotation": {"angle": 45, "axis": "z", "origin": [7.5, 7.97929, 5.4]},
			"faces": {
				"north": {"uv": [16, 0, 0, 16], "texture": "#4"},
				"east": {"uv": [16, 0, 0, 16], "texture": "#1"},
				"south": {"uv": [16, 0, 0, 16], "texture": "#1"},
				"west": {"uv": [16, 0, 0, 16], "texture": "#1"},
				"up": {"uv": [16, 0, 0, 16], "texture": "#1"},
				"down": {"uv": [16, 0, 0, 16], "texture": "#1"}
			}
		},
		{
			"from": [7.35, 8.02929, 1.8],
			"to": [7.55, 8.12929, 2.2],
			"rotation": {"angle": 45, "axis": "z", "origin": [7.5, 7.97929, 5.4]},
			"faces": {
				"north": {"uv": [16, 0, 0, 16], "texture": "#3"},
				"east": {"uv": [16, 0, 0, 16], "texture": "#3"},
				"south": {"uv": [16, 0, 0, 16], "texture": "#3"},
				"west": {"uv": [16, 0, 0, 16], "texture": "#3"},
				"up": {"uv": [16, 0, 0, 16], "texture": "#3"},
				"down": {"uv": [16, 0, 0, 16], "texture": "#3"}
			}
		},
		{
			"from": [7.55, 7.82929, 2.8],
			"to": [7.65, 8.02929, 3.9],
			"rotation": {"angle": 45, "axis": "z", "origin": [7.5, 7.97929, 6.4]},
			"faces": {
				"north": {"uv": [16, 0, 0, 16], "texture": "#3"},
				"east": {"uv": [16, 0, 0, 16], "texture": "#3"},
				"south": {"uv": [16, 0, 0, 16], "texture": "#3"},
				"west": {"uv": [16, 0, 0, 16], "texture": "#3"},
				"up": {"uv": [16, 0, 0, 16], "texture": "#3"},
				"down": {"uv": [16, 0, 0, 16], "texture": "#3"}
			}
		},
		{
			"from": [7.35, 7.72929, 2.8],
			"to": [7.55, 7.82929, 3.9],
			"rotation": {"angle": 45, "axis": "z", "origin": [7.5, 7.97929, 6.4]},
			"faces": {
				"north": {"uv": [16, 0, 0, 16], "texture": "#3"},
				"east": {"uv": [16, 0, 0, 16], "texture": "#3"},
				"south": {"uv": [16, 0, 0, 16], "texture": "#3"},
				"west": {"uv": [16, 0, 0, 16], "texture": "#3"},
				"up": {"uv": [16, 0, 0, 16], "texture": "#3"},
				"down": {"uv": [16, 0, 0, 16], "texture": "#3"}
			}
		},
		{
			"from": [7.25, 7.82929, 2.8],
			"to": [7.35, 8.02929, 3.9],
			"rotation": {"angle": 45, "axis": "z", "origin": [7.5, 7.97929, 6.4]},
			"faces": {
				"north": {"uv": [16, 0, 0, 16], "texture": "#3"},
				"east": {"uv": [16, 0, 0, 16], "texture": "#3"},
				"south": {"uv": [16, 0, 0, 16], "texture": "#3"},
				"west": {"uv": [16, 0, 0, 16], "texture": "#3"},
				"up": {"uv": [16, 0, 0, 16], "texture": "#3"},
				"down": {"uv": [16, 0, 0, 16], "texture": "#3"}
			}
		},
		{
			"from": [7.35, 8.02929, 2.8],
			"to": [7.55, 8.12929, 3.9],
			"rotation": {"angle": 45, "axis": "z", "origin": [7.5, 7.97929, 6.4]},
			"faces": {
				"north": {"uv": [16, 0, 0, 16], "texture": "#3"},
				"east": {"uv": [16, 0, 0, 16], "texture": "#3"},
				"south": {"uv": [16, 0, 0, 16], "texture": "#3"},
				"west": {"uv": [16, 0, 0, 16], "texture": "#3"},
				"up": {"uv": [16, 0, 0, 16], "texture": "#3"},
				"down": {"uv": [16, 0, 0, 16], "texture": "#3"}
			}
		},
		{
			"from": [7.25, 7.82929, 4.4],
			"to": [7.35, 8.02929, 5.3],
			"rotation": {"angle": 45, "axis": "z", "origin": [7.5, 7.97929, 7.8]},
			"faces": {
				"north": {"uv": [16, 0, 0, 16], "texture": "#3"},
				"east": {"uv": [16, 0, 0, 16], "texture": "#3"},
				"south": {"uv": [16, 0, 0, 16], "texture": "#3"},
				"west": {"uv": [16, 0, 0, 16], "texture": "#3"},
				"up": {"uv": [16, 0, 0, 16], "texture": "#3"},
				"down": {"uv": [16, 0, 0, 16], "texture": "#3"}
			}
		},
		{
			"from": [7.55, 7.82929, 4.4],
			"to": [7.65, 8.02929, 5.3],
			"rotation": {"angle": 45, "axis": "z", "origin": [7.5, 7.97929, 7.8]},
			"faces": {
				"north": {"uv": [16, 0, 0, 16], "texture": "#3"},
				"east": {"uv": [16, 0, 0, 16], "texture": "#3"},
				"south": {"uv": [16, 0, 0, 16], "texture": "#3"},
				"west": {"uv": [16, 0, 0, 16], "texture": "#3"},
				"up": {"uv": [16, 0, 0, 16], "texture": "#3"},
				"down": {"uv": [16, 0, 0, 16], "texture": "#3"}
			}
		},
		{
			"from": [7.25, 7.82929, 6.2],
			"to": [7.35, 8.02929, 7.1],
			"rotation": {"angle": 45, "axis": "z", "origin": [7.5, 7.97929, 9.6]},
			"faces": {
				"north": {"uv": [16, 0, 0, 16], "texture": "#3"},
				"east": {"uv": [16, 0, 0, 16], "texture": "#3"},
				"south": {"uv": [16, 0, 0, 16], "texture": "#3"},
				"west": {"uv": [16, 0, 0, 16], "texture": "#3"},
				"up": {"uv": [16, 0, 0, 16], "texture": "#3"},
				"down": {"uv": [16, 0, 0, 16], "texture": "#3"}
			}
		},
		{
			"from": [7.55, 7.82929, 6.2],
			"to": [7.65, 8.02929, 7.1],
			"rotation": {"angle": 45, "axis": "z", "origin": [7.5, 7.97929, 9.6]},
			"faces": {
				"north": {"uv": [16, 0, 0, 16], "texture": "#3"},
				"east": {"uv": [16, 0, 0, 16], "texture": "#3"},
				"south": {"uv": [16, 0, 0, 16], "texture": "#3"},
				"west": {"uv": [16, 0, 0, 16], "texture": "#3"},
				"up": {"uv": [16, 0, 0, 16], "texture": "#3"},
				"down": {"uv": [16, 0, 0, 16], "texture": "#3"}
			}
		},
		{
			"from": [7.25, 7.82929, 8],
			"to": [7.35, 8.02929, 8.9],
			"rotation": {"angle": 45, "axis": "z", "origin": [7.5, 7.97929, 11.4]},
			"faces": {
				"north": {"uv": [16, 0, 0, 16], "texture": "#3"},
				"east": {"uv": [16, 0, 0, 16], "texture": "#3"},
				"south": {"uv": [16, 0, 0, 16], "texture": "#3"},
				"west": {"uv": [16, 0, 0, 16], "texture": "#3"},
				"up": {"uv": [16, 0, 0, 16], "texture": "#3"},
				"down": {"uv": [16, 0, 0, 16], "texture": "#3"}
			}
		},
		{
			"from": [7.55, 7.82929, 8],
			"to": [7.65, 8.02929, 8.9],
			"rotation": {"angle": 45, "axis": "z", "origin": [7.5, 7.97929, 11.4]},
			"faces": {
				"north": {"uv": [16, 0, 0, 16], "texture": "#3"},
				"east": {"uv": [16, 0, 0, 16], "texture": "#3"},
				"south": {"uv": [16, 0, 0, 16], "texture": "#3"},
				"west": {"uv": [16, 0, 0, 16], "texture": "#3"},
				"up": {"uv": [16, 0, 0, 16], "texture": "#3"},
				"down": {"uv": [16, 0, 0, 16], "texture": "#3"}
			}
		},
		{
			"from": [7.25, 7.82929, 9.8],
			"to": [7.35, 8.02929, 10.2],
			"rotation": {"angle": 45, "axis": "z", "origin": [7.5, 7.97929, 12.7]},
			"faces": {
				"north": {"uv": [16, 0, 0, 16], "texture": "#3"},
				"east": {"uv": [16, 0, 0, 16], "texture": "#3"},
				"south": {"uv": [16, 0, 0, 16], "texture": "#3"},
				"west": {"uv": [16, 0, 0, 16], "texture": "#3"},
				"up": {"uv": [16, 0, 0, 16], "texture": "#3"},
				"down": {"uv": [16, 0, 0, 16], "texture": "#3"}
			}
		},
		{
			"from": [7.55, 7.82929, 9.8],
			"to": [7.65, 8.02929, 10.2],
			"rotation": {"angle": 45, "axis": "z", "origin": [7.5, 7.97929, 12.7]},
			"faces": {
				"north": {"uv": [16, 0, 0, 16], "texture": "#3"},
				"east": {"uv": [16, 0, 0, 16], "texture": "#3"},
				"south": {"uv": [16, 0, 0, 16], "texture": "#3"},
				"west": {"uv": [16, 0, 0, 16], "texture": "#3"},
				"up": {"uv": [16, 0, 0, 16], "texture": "#3"},
				"down": {"uv": [16, 0, 0, 16], "texture": "#3"}
			}
		},
		{
			"from": [7.35, 7.72929, 5.3],
			"to": [7.55, 7.82929, 6.2],
			"rotation": {"angle": 45, "axis": "z", "origin": [7.5, 7.97929, 8.7]},
			"faces": {
				"north": {"uv": [16, 0, 0, 16], "texture": "#3"},
				"east": {"uv": [16, 0, 0, 16], "texture": "#3"},
				"south": {"uv": [16, 0, 0, 16], "texture": "#3"},
				"west": {"uv": [16, 0, 0, 16], "texture": "#3"},
				"up": {"uv": [16, 0, 0, 16], "texture": "#3"},
				"down": {"uv": [16, 0, 0, 16], "texture": "#3"}
			}
		},
		{
			"from": [7.35, 8.02929, 5.3],
			"to": [7.55, 8.12929, 6.2],
			"rotation": {"angle": 45, "axis": "z", "origin": [7.5, 7.97929, 8.7]},
			"faces": {
				"north": {"uv": [16, 0, 0, 16], "texture": "#3"},
				"east": {"uv": [16, 0, 0, 16], "texture": "#3"},
				"south": {"uv": [16, 0, 0, 16], "texture": "#3"},
				"west": {"uv": [16, 0, 0, 16], "texture": "#3"},
				"up": {"uv": [16, 0, 0, 16], "texture": "#3"},
				"down": {"uv": [16, 0, 0, 16], "texture": "#3"}
			}
		},
		{
			"from": [7.35, 7.72929, 7.1],
			"to": [7.55, 7.82929, 8],
			"rotation": {"angle": 45, "axis": "z", "origin": [7.5, 7.97929, 10.5]},
			"faces": {
				"north": {"uv": [16, 0, 0, 16], "texture": "#3"},
				"east": {"uv": [16, 0, 0, 16], "texture": "#3"},
				"south": {"uv": [16, 0, 0, 16], "texture": "#3"},
				"west": {"uv": [16, 0, 0, 16], "texture": "#3"},
				"up": {"uv": [16, 0, 0, 16], "texture": "#3"},
				"down": {"uv": [16, 0, 0, 16], "texture": "#3"}
			}
		},
		{
			"from": [7.35, 8.02929, 7.1],
			"to": [7.55, 8.12929, 8],
			"rotation": {"angle": 45, "axis": "z", "origin": [7.5, 7.97929, 10.5]},
			"faces": {
				"north": {"uv": [16, 0, 0, 16], "texture": "#3"},
				"east": {"uv": [16, 0, 0, 16], "texture": "#3"},
				"south": {"uv": [16, 0, 0, 16], "texture": "#3"},
				"west": {"uv": [16, 0, 0, 16], "texture": "#3"},
				"up": {"uv": [16, 0, 0, 16], "texture": "#3"},
				"down": {"uv": [16, 0, 0, 16], "texture": "#3"}
			}
		},
		{
			"from": [7.35, 7.72929, 8.9],
			"to": [7.55, 7.82929, 9.8],
			"rotation": {"angle": 45, "axis": "z", "origin": [7.5, 7.97929, 12.3]},
			"faces": {
				"north": {"uv": [16, 0, 0, 16], "texture": "#3"},
				"east": {"uv": [16, 0, 0, 16], "texture": "#3"},
				"south": {"uv": [16, 0, 0, 16], "texture": "#3"},
				"west": {"uv": [16, 0, 0, 16], "texture": "#3"},
				"up": {"uv": [16, 0, 0, 16], "texture": "#3"},
				"down": {"uv": [16, 0, 0, 16], "texture": "#3"}
			}
		},
		{
			"from": [7.35, 8.02929, 8.9],
			"to": [7.55, 8.12929, 9.8],
			"rotation": {"angle": 45, "axis": "z", "origin": [7.5, 7.97929, 12.3]},
			"faces": {
				"north": {"uv": [16, 0, 0, 16], "texture": "#3"},
				"east": {"uv": [16, 0, 0, 16], "texture": "#3"},
				"south": {"uv": [16, 0, 0, 16], "texture": "#3"},
				"west": {"uv": [16, 0, 0, 16], "texture": "#3"},
				"up": {"uv": [16, 0, 0, 16], "texture": "#3"},
				"down": {"uv": [16, 0, 0, 16], "texture": "#3"}
			}
		},
		{
			"from": [7.25, 8.02929, 1.8],
			"to": [7.35, 8.12929, 10.2],
			"rotation": {"angle": 45, "axis": "z", "origin": [7.5, 7.97929, 5.4]},
			"faces": {
				"north": {"uv": [16, 0, 0, 16], "texture": "#3"},
				"east": {"uv": [16, 0, 0, 16], "texture": "#3"},
				"south": {"uv": [16, 0, 0, 16], "texture": "#3"},
				"west": {"uv": [16, 0, 0, 16], "texture": "#3"},
				"up": {"uv": [16, 0, 0, 16], "texture": "#3"},
				"down": {"uv": [16, 0, 0, 16], "texture": "#3"}
			}
		},
		{
			"from": [7.55, 8.02929, 1.8],
			"to": [7.65, 8.12929, 10.2],
			"rotation": {"angle": 45, "axis": "z", "origin": [7.5, 7.97929, 5.4]},
			"faces": {
				"north": {"uv": [16, 0, 0, 16], "texture": "#3"},
				"east": {"uv": [16, 0, 0, 16], "texture": "#3"},
				"south": {"uv": [16, 0, 0, 16], "texture": "#3"},
				"west": {"uv": [16, 0, 0, 16], "texture": "#3"},
				"up": {"uv": [16, 0, 0, 16], "texture": "#3"},
				"down": {"uv": [16, 0, 0, 16], "texture": "#3"}
			}
		},
		{
			"from": [7.55, 8.12929, 1.8],
			"to": [7.65, 8.52929, 2.1],
			"rotation": {"angle": 0, "axis": "y", "origin": [7.5, 7.97929, 5.4]},
			"faces": {
				"north": {"uv": [16, 0, 0, 16], "texture": "#3"},
				"east": {"uv": [16, 0, 0, 16], "texture": "#3"},
				"south": {"uv": [16, 0, 0, 16], "texture": "#3"},
				"west": {"uv": [16, 0, 0, 16], "texture": "#3"},
				"up": {"uv": [16, 0, 0, 16], "texture": "#3"},
				"down": {"uv": [16, 0, 0, 16], "texture": "#3"}
			}
		},
		{
			"from": [7.35, 8.12929, 1.8],
			"to": [7.55, 8.22929, 2.1],
			"rotation": {"angle": 0, "axis": "y", "origin": [7.5, 7.97929, 5.4]},
			"faces": {
				"north": {"uv": [16, 0, 0, 16], "texture": "#3"},
				"east": {"uv": [16, 0, 0, 16], "texture": "#3"},
				"south": {"uv": [16, 0, 0, 16], "texture": "#3"},
				"west": {"uv": [16, 0, 0, 16], "texture": "#3"},
				"up": {"uv": [16, 0, 0, 16], "texture": "#3"},
				"down": {"uv": [16, 0, 0, 16], "texture": "#3"}
			}
		},
		{
			"from": [7.35, 8.22929, 1.8],
			"to": [7.45, 8.52929, 2.1],
			"rotation": {"angle": 0, "axis": "y", "origin": [7.5, 7.97929, 5.4]},
			"faces": {
				"north": {"uv": [16, 0, 0, 16], "texture": "#3"},
				"east": {"uv": [16, 0, 0, 16], "texture": "#3"},
				"south": {"uv": [16, 0, 0, 16], "texture": "#3"},
				"west": {"uv": [16, 0, 0, 16], "texture": "#3"},
				"up": {"uv": [16, 0, 0, 16], "texture": "#3"},
				"down": {"uv": [16, 0, 0, 16], "texture": "#3"}
			}
		},
		{
			"from": [7.475, 8.22929, 1.8],
			"to": [7.525, 8.42929, 2.1],
			"rotation": {"angle": 0, "axis": "y", "origin": [7.7, 7.97929, 5.4]},
			"faces": {
				"north": {"uv": [16, 0, 0, 16], "texture": "#3"},
				"east": {"uv": [16, 0, 0, 16], "texture": "#3"},
				"south": {"uv": [16, 0, 0, 16], "texture": "#3"},
				"west": {"uv": [16, 0, 0, 16], "texture": "#3"},
				"up": {"uv": [16, 0, 0, 16], "texture": "#3"},
				"down": {"uv": [16, 0, 0, 16], "texture": "#3"}
			}
		},
		{
			"from": [7.35, 8.27929, 12.3],
			"to": [7.65, 8.42929, 15.9],
			"rotation": {"angle": 0, "axis": "y", "origin": [7.5, 8.92929, 12.9]},
			"faces": {
				"north": {"uv": [16, 0, 0, 16], "texture": "#2"},
				"east": {"uv": [16, 0, 0, 16], "texture": "#2"},
				"south": {"uv": [16, 0, 0, 16], "texture": "#2"},
				"west": {"uv": [16, 0, 0, 16], "texture": "#2"},
				"up": {"uv": [16, 0, 0, 16], "texture": "#2"},
				"down": {"uv": [16, 0, 0, 16], "texture": "#2"}
			}
		},
		{
			"from": [7.25, 8.27929, 13.6],
			"to": [7.35, 8.52929, 15.4],
			"rotation": {"angle": 0, "axis": "y", "origin": [7.5, 8.92929, 12.9]},
			"faces": {
				"north": {"uv": [16, 0, 0, 16], "texture": "#2"},
				"east": {"uv": [16, 0, 0, 16], "texture": "#2"},
				"south": {"uv": [16, 0, 0, 16], "texture": "#2"},
				"west": {"uv": [16, 0, 0, 16], "texture": "#2"},
				"up": {"uv": [16, 0, 0, 16], "texture": "#2"},
				"down": {"uv": [16, 0, 0, 16], "texture": "#2"}
			}
		},
		{
			"from": [7.35, 8.07929, 10.9],
			"to": [7.65, 8.52929, 11.7],
			"rotation": {"angle": 0, "axis": "y", "origin": [7.5, 8.92929, 11.1]},
			"faces": {
				"north": {"uv": [16, 0, 0, 16], "texture": "#2"},
				"east": {"uv": [16, 0, 0, 16], "texture": "#2"},
				"south": {"uv": [16, 0, 0, 16], "texture": "#2"},
				"west": {"uv": [16, 0, 0, 16], "texture": "#2"},
				"up": {"uv": [16, 0, 0, 16], "texture": "#2"},
				"down": {"uv": [16, 0, 0, 16], "texture": "#2"}
			}
		},
		{
			"from": [7.35, 8.07929, 10.5],
			"to": [7.65, 8.42929, 10.9],
			"rotation": {"angle": 0, "axis": "y", "origin": [7.5, 8.92929, 10.3]},
			"faces": {
				"north": {"uv": [16, 0, 0, 16], "texture": "#2"},
				"east": {"uv": [16, 0, 0, 16], "texture": "#2"},
				"south": {"uv": [16, 0, 0, 16], "texture": "#2"},
				"west": {"uv": [16, 0, 0, 16], "texture": "#2"},
				"up": {"uv": [16, 0, 0, 16], "texture": "#2"},
				"down": {"uv": [16, 0, 0, 16], "texture": "#2"}
			}
		},
		{
			"from": [7.55, 8.42929, 11.5],
			"to": [7.75, 8.57929, 11.7],
			"rotation": {"angle": 0, "axis": "y", "origin": [7.5, 9.27929, 11.1]},
			"faces": {
				"north": {"uv": [16, 0, 0, 16], "texture": "#2"},
				"east": {"uv": [16, 0, 0, 16], "texture": "#2"},
				"south": {"uv": [16, 0, 0, 16], "texture": "#2"},
				"west": {"uv": [16, 0, 0, 16], "texture": "#2"},
				"up": {"uv": [16, 0, 0, 16], "texture": "#2"},
				"down": {"uv": [16, 0, 0, 16], "texture": "#2"}
			}
		},
		{
			"from": [7.25, 8.42929, 11.5],
			"to": [7.45, 8.57929, 11.7],
			"rotation": {"angle": 0, "axis": "y", "origin": [7.3, 9.27929, 11.1]},
			"faces": {
				"north": {"uv": [16, 0, 0, 16], "texture": "#2"},
				"east": {"uv": [16, 0, 0, 16], "texture": "#2"},
				"south": {"uv": [16, 0, 0, 16], "texture": "#2"},
				"west": {"uv": [16, 0, 0, 16], "texture": "#2"},
				"up": {"uv": [16, 0, 0, 16], "texture": "#2"},
				"down": {"uv": [16, 0, 0, 16], "texture": "#2"}
			}
		},
		{
			"from": [7.25, 7.17929, 11.9],
			"to": [7.75, 8.27929, 15.5],
			"rotation": {"angle": 0, "axis": "y", "origin": [7.5, 7.92929, 12.2]},
			"faces": {
				"north": {"uv": [16, 0, 0, 16], "texture": "#2"},
				"east": {"uv": [16, 0, 0, 16], "texture": "#2"},
				"south": {"uv": [16, 0, 0, 16], "texture": "#2"},
				"west": {"uv": [16, 0, 0, 16], "texture": "#2"},
				"up": {"uv": [16, 0, 0, 16], "texture": "#2"},
				"down": {"uv": [16, 0, 0, 16], "texture": "#2"}
			}
		},
		{
			"from": [7.15, 7.77929, 12.1],
			"to": [7.85, 8.07929, 12.4],
			"rotation": {"angle": 0, "axis": "y", "origin": [7.5, 8.12929, 12.2]},
			"faces": {
				"north": {"uv": [16, 0, 0, 16], "texture": "#1"},
				"east": {"uv": [16, 0, 0, 16], "texture": "#1"},
				"south": {"uv": [16, 0, 0, 16], "texture": "#1"},
				"west": {"uv": [16, 0, 0, 16], "texture": "#1"},
				"up": {"uv": [16, 0, 0, 16], "texture": "#1"},
				"down": {"uv": [16, 0, 0, 16], "texture": "#1"}
			}
		},
		{
			"from": [7.05, 8.17929, 13.9],
			"to": [7.25, 8.47929, 15.1],
			"rotation": {"angle": 0, "axis": "y", "origin": [7.15, 8.37929, 11.7]},
			"faces": {
				"north": {"uv": [16, 0, 0, 16], "texture": "#1"},
				"east": {"uv": [16, 0, 0, 16], "texture": "#1"},
				"south": {"uv": [16, 0, 0, 16], "texture": "#1"},
				"west": {"uv": [16, 0, 0, 16], "texture": "#1"},
				"up": {"uv": [16, 0, 0, 16], "texture": "#1"},
				"down": {"uv": [16, 0, 0, 16], "texture": "#1"}
			}
		},
		{
			"from": [6.95, 8.47929, 13.9],
			"to": [7.25, 9.07929, 15.1],
			"rotation": {"angle": 0, "axis": "y", "origin": [7.15, 8.67929, 11.7]},
			"faces": {
				"north": {"uv": [16, 0, 0, 16], "texture": "#1"},
				"east": {"uv": [16, 0, 0, 16], "texture": "#1"},
				"south": {"uv": [16, 0, 0, 16], "texture": "#1"},
				"west": {"uv": [16, 0, 0, 16], "texture": "#1"},
				"up": {"uv": [16, 0, 0, 16], "texture": "#1"},
				"down": {"uv": [16, 0, 0, 16], "texture": "#1"}
			}
		},
		{
			"from": [6.95, 7.73249, 13.9292],
			"to": [7.25, 8.93249, 15.1292],
			"rotation": {"angle": -22.5, "axis": "x", "origin": [7.15, 8.33249, 11.7292]},
			"faces": {
				"north": {"uv": [16, 0, 0, 16], "texture": "#1"},
				"east": {"uv": [16, 0, 0, 16], "texture": "#1"},
				"south": {"uv": [16, 0, 0, 16], "texture": "#1"},
				"west": {"uv": [16, 0, 0, 16], "texture": "#1"},
				"up": {"uv": [16, 0, 0, 16], "texture": "#1"},
				"down": {"uv": [16, 0, 0, 16], "texture": "#1"}
			}
		},
		{
			"from": [6.95, 7.57876, 13.94164],
			"to": [7.25, 8.97876, 15.14164],
			"rotation": {"angle": -45, "axis": "x", "origin": [7.15, 8.27876, 11.74164]},
			"faces": {
				"north": {"uv": [16, 0, 0, 16], "texture": "#1"},
				"east": {"uv": [16, 0, 0, 16], "texture": "#1"},
				"south": {"uv": [16, 0, 0, 16], "texture": "#1"},
				"west": {"uv": [16, 0, 0, 16], "texture": "#1"},
				"up": {"uv": [16, 0, 0, 16], "texture": "#1"},
				"down": {"uv": [16, 0, 0, 16], "texture": "#1"}
			}
		},
		{
			"from": [6.95, 10.46631, 11.09538],
			"to": [7.25, 11.66631, 12.39538],
			"rotation": {"angle": 22.5, "axis": "x", "origin": [7.15, 8.26631, 11.79538]},
			"faces": {
				"north": {"uv": [16, 0, 0, 16], "rotation": 180, "texture": "#1"},
				"east": {"uv": [16, 0, 0, 16], "rotation": 90, "texture": "#1"},
				"south": {"uv": [16, 0, 0, 16], "texture": "#1"},
				"west": {"uv": [16, 0, 0, 16], "rotation": 270, "texture": "#1"},
				"up": {"uv": [16, 0, 0, 16], "texture": "#1"},
				"down": {"uv": [16, 0, 0, 16], "rotation": 180, "texture": "#1"}
			}
		},
		{
			"from": [6.95, 10.47538, 11.54979],
			"to": [7.25, 11.67538, 12.44979],
			"rotation": {"angle": 0, "axis": "y", "origin": [7.15, 8.27538, 11.74979]},
			"faces": {
				"north": {"uv": [16, 0, 0, 16], "rotation": 180, "texture": "#1"},
				"east": {"uv": [16, 0, 0, 16], "rotation": 90, "texture": "#1"},
				"south": {"uv": [16, 0, 0, 16], "texture": "#1"},
				"west": {"uv": [16, 0, 0, 16], "rotation": 270, "texture": "#1"},
				"up": {"uv": [16, 0, 0, 16], "texture": "#1"},
				"down": {"uv": [16, 0, 0, 16], "rotation": 180, "texture": "#1"}
			}
		},
		{
			"from": [7.05, 7.47929, 14],
			"to": [7.35, 7.77929, 15],
			"rotation": {"angle": 45, "axis": "z", "origin": [7.15, 7.57929, 14.5]},
			"faces": {
				"north": {"uv": [16, 0, 0, 16], "texture": "#1"},
				"east": {"uv": [16, 0, 0, 16], "texture": "#1"},
				"south": {"uv": [16, 0, 0, 16], "texture": "#1"},
				"west": {"uv": [16, 0, 0, 16], "texture": "#1"},
				"up": {"uv": [16, 0, 0, 16], "texture": "#1"},
				"down": {"uv": [16, 0, 0, 16], "texture": "#1"}
			}
		},
		{
			"from": [6.95, 7.47929, 15.3],
			"to": [7.25, 8.17929, 16.1],
			"rotation": {"angle": 0, "axis": "y", "origin": [7, 7.92929, 13.8]},
			"faces": {
				"north": {"uv": [16, 0, 0, 16], "texture": "#3"},
				"east": {"uv": [16, 0, 0, 16], "texture": "#3"},
				"south": {"uv": [16, 0, 0, 16], "texture": "#3"},
				"west": {"uv": [16, 0, 0, 16], "texture": "#3"},
				"up": {"uv": [16, 0, 0, 16], "texture": "#3"},
				"down": {"uv": [16, 0, 0, 16], "texture": "#3"}
			}
		},
		{
			"from": [7.05, 7.37929, 13.7],
			"to": [7.25, 7.77929, 14],
			"rotation": {"angle": 0, "axis": "y", "origin": [7, 7.52929, 12.2]},
			"faces": {
				"north": {"uv": [16, 0, 0, 16], "texture": "#3"},
				"east": {"uv": [16, 0, 0, 16], "texture": "#3"},
				"south": {"uv": [16, 0, 0, 16], "texture": "#3"},
				"west": {"uv": [16, 0, 0, 16], "texture": "#3"},
				"up": {"uv": [16, 0, 0, 16], "texture": "#3"},
				"down": {"uv": [16, 0, 0, 16], "texture": "#3"}
			}
		},
		{
			"from": [7.05, 7.77929, 13.7],
			"to": [7.25, 8.17929, 15.3],
			"rotation": {"angle": 0, "axis": "y", "origin": [7, 7.92929, 12.2]},
			"faces": {
				"north": {"uv": [16, 0, 0, 16], "texture": "#3"},
				"east": {"uv": [16, 0, 0, 16], "texture": "#3"},
				"south": {"uv": [16, 0, 0, 16], "texture": "#3"},
				"west": {"uv": [16, 0, 0, 16], "texture": "#3"},
				"up": {"uv": [16, 0, 0, 16], "texture": "#3"},
				"down": {"uv": [16, 0, 0, 16], "texture": "#3"}
			}
		},
		{
			"from": [7.05, 7.37929, 15],
			"to": [7.25, 7.77929, 15.3],
			"rotation": {"angle": 0, "axis": "y", "origin": [7, 7.52929, 13.5]},
			"faces": {
				"north": {"uv": [16, 0, 0, 16], "texture": "#3"},
				"east": {"uv": [16, 0, 0, 16], "texture": "#3"},
				"south": {"uv": [16, 0, 0, 16], "texture": "#3"},
				"west": {"uv": [16, 0, 0, 16], "texture": "#3"},
				"up": {"uv": [16, 0, 0, 16], "texture": "#3"},
				"down": {"uv": [16, 0, 0, 16], "texture": "#3"}
			}
		},
		{
			"from": [7.3, 6.57929, 13.6],
			"to": [7.4, 7.17929, 15.5],
			"rotation": {"angle": 0, "axis": "y", "origin": [7.45, 6.82929, 12.2]},
			"faces": {
				"north": {"uv": [16, 0, 0, 16], "texture": "#2"},
				"east": {"uv": [16, 0, 0, 16], "texture": "#2"},
				"south": {"uv": [16, 0, 0, 16], "texture": "#2"},
				"west": {"uv": [16, 0, 0, 16], "texture": "#2"},
				"up": {"uv": [16, 0, 0, 16], "texture": "#2"},
				"down": {"uv": [16, 0, 0, 16], "texture": "#2"}
			}
		},
		{
			"from": [7.6, 6.57929, 13.6],
			"to": [7.7, 7.17929, 15.5],
			"rotation": {"angle": 0, "axis": "y", "origin": [7.75, 6.82929, 12.2]},
			"faces": {
				"north": {"uv": [16, 0, 0, 16], "texture": "#2"},
				"east": {"uv": [16, 0, 0, 16], "texture": "#2"},
				"south": {"uv": [16, 0, 0, 16], "texture": "#2"},
				"west": {"uv": [16, 0, 0, 16], "texture": "#2"},
				"up": {"uv": [16, 0, 0, 16], "texture": "#2"},
				"down": {"uv": [16, 0, 0, 16], "texture": "#2"}
			}
		},
		{
			"from": [7.4, 6.57929, 13.6],
			"to": [7.6, 7.17929, 14],
			"rotation": {"angle": 0, "axis": "y", "origin": [7.75, 6.82929, 12.2]},
			"faces": {
				"north": {"uv": [16, 0, 0, 16], "texture": "#2"},
				"east": {"uv": [16, 0, 0, 16], "texture": "#2"},
				"south": {"uv": [16, 0, 0, 16], "texture": "#2"},
				"west": {"uv": [16, 0, 0, 16], "texture": "#2"},
				"up": {"uv": [16, 0, 0, 16], "texture": "#2"},
				"down": {"uv": [16, 0, 0, 16], "texture": "#2"}
			}
		},
		{
			"from": [7.3, 6.97929, 12.9],
			"to": [7.7, 7.17929, 13.6],
			"rotation": {"angle": 0, "axis": "y", "origin": [7.45, 6.82929, 10.3]},
			"faces": {
				"north": {"uv": [16, 0, 0, 16], "texture": "#2"},
				"east": {"uv": [16, 0, 0, 16], "texture": "#2"},
				"south": {"uv": [16, 0, 0, 16], "texture": "#2"},
				"west": {"uv": [16, 0, 0, 16], "texture": "#2"},
				"up": {"uv": [16, 0, 0, 16], "texture": "#2"},
				"down": {"uv": [16, 0, 0, 16], "texture": "#2"}
			}
		},
		{
			"from": [7.25, 7.27929, 15.5],
			"to": [7.75, 8.27929, 16.2],
			"rotation": {"angle": 0, "axis": "y", "origin": [7.5, 7.92929, 12.9]},
			"faces": {
				"north": {"uv": [16, 0, 0, 16], "texture": "#2"},
				"east": {"uv": [16, 0, 0, 16], "texture": "#2"},
				"south": {"uv": [16, 0, 0, 16], "texture": "#2"},
				"west": {"uv": [16, 0, 0, 16], "texture": "#2"},
				"up": {"uv": [16, 0, 0, 16], "texture": "#2"},
				"down": {"uv": [16, 0, 0, 16], "texture": "#2"}
			}
		},
		{
			"from": [7.3, 6.77929, 15.8],
			"to": [7.7, 7.27929, 16.2],
			"rotation": {"angle": 0, "axis": "y", "origin": [7.45, 6.82929, 12.5]},
			"faces": {
				"north": {"uv": [16, 0, 0, 16], "texture": "#2"},
				"east": {"uv": [16, 0, 0, 16], "texture": "#2"},
				"south": {"uv": [16, 0, 0, 16], "texture": "#2"},
				"west": {"uv": [16, 0, 0, 16], "texture": "#2"},
				"up": {"uv": [16, 0, 0, 16], "texture": "#2"},
				"down": {"uv": [16, 0, 0, 16], "texture": "#2"}
			}
		},
		{
			"from": [7.65, 7.12929, 15.4],
			"to": [8.15, 7.62929, 15.9],
			"rotation": {"angle": -45, "axis": "x", "origin": [7.95, 7.42929, 15.7]},
			"faces": {
				"north": {"uv": [16, 0, 0, 16], "texture": "#3"},
				"east": {"uv": [16, 0, 0, 16], "texture": "#3"},
				"south": {"uv": [16, 0, 0, 16], "texture": "#3"},
				"west": {"uv": [16, 0, 0, 16], "texture": "#3"},
				"up": {"uv": [16, 0, 0, 16], "texture": "#3"},
				"down": {"uv": [16, 0, 0, 16], "texture": "#3"}
			}
		},
		{
			"from": [7.95, 7.62929, 15.5],
			"to": [8.15, 8.92929, 15.8],
			"rotation": {"angle": -45, "axis": "x", "origin": [7.95, 7.42929, 15.7]},
			"faces": {
				"north": {"uv": [16, 0, 0, 16], "texture": "#3"},
				"east": {"uv": [16, 0, 0, 16], "texture": "#3"},
				"south": {"uv": [16, 0, 0, 16], "texture": "#3"},
				"west": {"uv": [16, 0, 0, 16], "texture": "#3"},
				"up": {"uv": [16, 0, 0, 16], "texture": "#3"},
				"down": {"uv": [16, 0, 0, 16], "texture": "#3"}
			}
		},
		{
			"from": [8.15, 8.62929, 15.5],
			"to": [8.35, 8.92929, 15.8],
			"rotation": {"angle": -45, "axis": "x", "origin": [8.15, 7.42929, 15.7]},
			"faces": {
				"north": {"uv": [16, 0, 0, 16], "texture": "#3"},
				"east": {"uv": [16, 0, 0, 16], "texture": "#3"},
				"south": {"uv": [16, 0, 0, 16], "texture": "#3"},
				"west": {"uv": [16, 0, 0, 16], "texture": "#3"},
				"up": {"uv": [16, 0, 0, 16], "texture": "#3"},
				"down": {"uv": [16, 0, 0, 16], "texture": "#3"}
			}
		},
		{
			"from": [8.35, 8.52929, 15.4],
			"to": [8.65, 9.02929, 15.9],
			"rotation": {"angle": -45, "axis": "x", "origin": [8.35, 7.42929, 15.7]},
			"faces": {
				"north": {"uv": [16, 0, 0, 16], "texture": "#1"},
				"east": {"uv": [16, 0, 0, 16], "texture": "#1"},
				"south": {"uv": [16, 0, 0, 16], "texture": "#1"},
				"west": {"uv": [16, 0, 0, 16], "texture": "#1"},
				"up": {"uv": [16, 0, 0, 16], "texture": "#1"},
				"down": {"uv": [16, 0, 0, 16], "texture": "#1"}
			}
		},
		{
			"from": [7.3, 6.57929, 15.5],
			"to": [7.7, 7.27929, 15.6],
			"rotation": {"angle": 0, "axis": "y", "origin": [7.45, 6.82929, 12.2]},
			"faces": {
				"north": {"uv": [16, 0, 0, 16], "texture": "#2"},
				"east": {"uv": [16, 0, 0, 16], "texture": "#2"},
				"south": {"uv": [16, 0, 0, 16], "texture": "#2"},
				"west": {"uv": [16, 0, 0, 16], "texture": "#2"},
				"up": {"uv": [16, 0, 0, 16], "texture": "#2"},
				"down": {"uv": [16, 0, 0, 16], "texture": "#2"}
			}
		},
		{
			"from": [7.4, 5.07929, 15.4],
			"to": [7.6, 6.57929, 15.5],
			"rotation": {"angle": 22.5, "axis": "x", "origin": [7.45, 6.57929, 15.5]},
			"faces": {
				"north": {"uv": [16, 0, 0, 16], "texture": "#2"},
				"east": {"uv": [16, 0, 0, 16], "texture": "#2"},
				"south": {"uv": [16, 0, 0, 16], "texture": "#2"},
				"west": {"uv": [16, 0, 0, 16], "texture": "#2"},
				"up": {"uv": [16, 0, 0, 16], "texture": "#2"},
				"down": {"uv": [16, 0, 0, 16], "texture": "#2"}
			}
		},
		{
			"from": [7.4, 6.17929, 15.5],
			"to": [7.6, 6.57929, 15.6],
			"rotation": {"angle": 0, "axis": "y", "origin": [7.45, 6.57929, 15.6]},
			"faces": {
				"north": {"uv": [16, 0, 0, 16], "texture": "#1"},
				"east": {"uv": [16, 0, 0, 16], "texture": "#1"},
				"south": {"uv": [16, 0, 0, 16], "texture": "#1"},
				"west": {"uv": [16, 0, 0, 16], "texture": "#1"},
				"up": {"uv": [16, 0, 0, 16], "texture": "#1"},
				"down": {"uv": [16, 0, 0, 16], "texture": "#1"}
			}
		},
		{
			"from": [7.4, 6.17929, 15.6],
			"to": [7.6, 6.27929, 15.7],
			"rotation": {"angle": 0, "axis": "y", "origin": [7.45, 6.57929, 15.7]},
			"faces": {
				"north": {"uv": [16, 0, 0, 16], "texture": "#1"},
				"east": {"uv": [16, 0, 0, 16], "texture": "#1"},
				"south": {"uv": [16, 0, 0, 16], "texture": "#1"},
				"west": {"uv": [16, 0, 0, 16], "texture": "#1"},
				"up": {"uv": [16, 0, 0, 16], "texture": "#1"},
				"down": {"uv": [16, 0, 0, 16], "texture": "#1"}
			}
		},
		{
			"from": [7.4, 6.57929, 15.6],
			"to": [7.6, 6.67929, 15.7],
			"rotation": {"angle": 0, "axis": "y", "origin": [7.45, 6.97929, 15.7]},
			"faces": {
				"north": {"uv": [16, 0, 0, 16], "texture": "#1"},
				"east": {"uv": [16, 0, 0, 16], "texture": "#1"},
				"south": {"uv": [16, 0, 0, 16], "texture": "#1"},
				"west": {"uv": [16, 0, 0, 16], "texture": "#1"},
				"up": {"uv": [16, 0, 0, 16], "texture": "#1"},
				"down": {"uv": [16, 0, 0, 16], "texture": "#1"}
			}
		},
		{
			"from": [7.4, 6.67929, 15.8],
			"to": [7.6, 6.77929, 16.3],
			"rotation": {"angle": 0, "axis": "y", "origin": [7.45, 7.07929, 15.9]},
			"faces": {
				"north": {"uv": [16, 0, 0, 16], "texture": "#1"},
				"east": {"uv": [16, 0, 0, 16], "texture": "#1"},
				"south": {"uv": [16, 0, 0, 16], "texture": "#1"},
				"west": {"uv": [16, 0, 0, 16], "texture": "#1"},
				"up": {"uv": [16, 0, 0, 16], "texture": "#1"},
				"down": {"uv": [16, 0, 0, 16], "texture": "#1"}
			}
		},
		{
			"from": [7.4, 6.57929, 16.2],
			"to": [7.6, 6.67929, 16.3],
			"rotation": {"angle": 0, "axis": "y", "origin": [7.45, 6.97929, 15.9]},
			"faces": {
				"north": {"uv": [16, 0, 0, 16], "texture": "#1"},
				"east": {"uv": [16, 0, 0, 16], "texture": "#1"},
				"south": {"uv": [16, 0, 0, 16], "texture": "#1"},
				"west": {"uv": [16, 0, 0, 16], "texture": "#1"},
				"up": {"uv": [16, 0, 0, 16], "texture": "#1"},
				"down": {"uv": [16, 0, 0, 16], "texture": "#1"}
			}
		},
		{
			"from": [7.45, 6.57929, 15.8],
			"to": [7.55, 6.67929, 16],
			"rotation": {"angle": 0, "axis": "y", "origin": [7.5, 6.97929, 15.6]},
			"faces": {
				"north": {"uv": [16, 0, 0, 16], "texture": "#1"},
				"east": {"uv": [16, 0, 0, 16], "texture": "#1"},
				"south": {"uv": [16, 0, 0, 16], "texture": "#1"},
				"west": {"uv": [16, 0, 0, 16], "texture": "#1"},
				"up": {"uv": [16, 0, 0, 16], "texture": "#1"},
				"down": {"uv": [16, 0, 0, 16], "texture": "#1"}
			}
		},
		{
			"from": [7.45, 6.47929, 16],
			"to": [7.55, 6.57929, 16.1],
			"rotation": {"angle": 0, "axis": "y", "origin": [7.5, 6.87929, 15.7]},
			"faces": {
				"north": {"uv": [16, 0, 0, 16], "texture": "#1"},
				"east": {"uv": [16, 0, 0, 16], "texture": "#1"},
				"south": {"uv": [16, 0, 0, 16], "texture": "#1"},
				"west": {"uv": [16, 0, 0, 16], "texture": "#1"},
				"up": {"uv": [16, 0, 0, 16], "texture": "#1"},
				"down": {"uv": [16, 0, 0, 16], "texture": "#1"}
			}
		},
		{
			"from": [7.45, 6.27929, 16.05],
			"to": [7.55, 6.47929, 16.15],
			"rotation": {"angle": 0, "axis": "y", "origin": [7.5, 6.77929, 15.75]},
			"faces": {
				"north": {"uv": [16, 0, 0, 16], "texture": "#1"},
				"east": {"uv": [16, 0, 0, 16], "texture": "#1"},
				"south": {"uv": [16, 0, 0, 16], "texture": "#1"},
				"west": {"uv": [16, 0, 0, 16], "texture": "#1"},
				"up": {"uv": [16, 0, 0, 16], "texture": "#1"},
				"down": {"uv": [16, 0, 0, 16], "texture": "#1"}
			}
		},
		{
			"from": [7.4, 6.57929, 16.3],
			"to": [7.6, 6.67929, 16.6],
			"rotation": {"angle": 0, "axis": "y", "origin": [7.45, 6.97929, 16.1]},
			"faces": {
				"north": {"uv": [16, 0, 0, 16], "texture": "#1"},
				"east": {"uv": [16, 0, 0, 16], "texture": "#1"},
				"south": {"uv": [16, 0, 0, 16], "texture": "#1"},
				"west": {"uv": [16, 0, 0, 16], "texture": "#1"},
				"up": {"uv": [16, 0, 0, 16], "texture": "#1"},
				"down": {"uv": [16, 0, 0, 16], "texture": "#1"}
			}
		},
		{
			"from": [7.4, 6.47929, 16.3],
			"to": [7.6, 6.57929, 16.5],
			"rotation": {"angle": 0, "axis": "y", "origin": [7.45, 6.87929, 16.1]},
			"faces": {
				"north": {"uv": [16, 0, 0, 16], "texture": "#1"},
				"east": {"uv": [16, 0, 0, 16], "texture": "#1"},
				"south": {"uv": [16, 0, 0, 16], "texture": "#1"},
				"west": {"uv": [16, 0, 0, 16], "texture": "#1"},
				"up": {"uv": [16, 0, 0, 16], "texture": "#1"},
				"down": {"uv": [16, 0, 0, 16], "texture": "#1"}
			}
		},
		{
			"from": [7.4, 6.27929, 16.4],
			"to": [7.6, 6.47929, 16.5],
			"rotation": {"angle": 0, "axis": "y", "origin": [7.45, 6.77929, 16.1]},
			"faces": {
				"north": {"uv": [16, 0, 0, 16], "texture": "#1"},
				"east": {"uv": [16, 0, 0, 16], "texture": "#1"},
				"south": {"uv": [16, 0, 0, 16], "texture": "#1"},
				"west": {"uv": [16, 0, 0, 16], "texture": "#1"},
				"up": {"uv": [16, 0, 0, 16], "texture": "#1"},
				"down": {"uv": [16, 0, 0, 16], "texture": "#1"}
			}
		},
		{
			"from": [7.4, 6.17929, 16.3],
			"to": [7.6, 6.27929, 16.4],
			"rotation": {"angle": 0, "axis": "y", "origin": [7.45, 6.57929, 16]},
			"faces": {
				"north": {"uv": [16, 0, 0, 16], "texture": "#1"},
				"east": {"uv": [16, 0, 0, 16], "texture": "#1"},
				"south": {"uv": [16, 0, 0, 16], "texture": "#1"},
				"west": {"uv": [16, 0, 0, 16], "texture": "#1"},
				"up": {"uv": [16, 0, 0, 16], "texture": "#1"},
				"down": {"uv": [16, 0, 0, 16], "texture": "#1"}
			}
		},
		{
			"from": [7.4, 6.07929, 15.7],
			"to": [7.6, 6.17929, 16.3],
			"rotation": {"angle": 0, "axis": "y", "origin": [7.45, 6.47929, 15.9]},
			"faces": {
				"north": {"uv": [16, 0, 0, 16], "texture": "#1"},
				"east": {"uv": [16, 0, 0, 16], "texture": "#1"},
				"south": {"uv": [16, 0, 0, 16], "texture": "#1"},
				"west": {"uv": [16, 0, 0, 16], "texture": "#1"},
				"up": {"uv": [16, 0, 0, 16], "texture": "#1"},
				"down": {"uv": [16, 0, 0, 16], "texture": "#1"}
			}
		},
		{
			"from": [7.3, 6.67929, 15.6],
			"to": [7.7, 7.27929, 15.8],
			"rotation": {"angle": 0, "axis": "y", "origin": [7.45, 6.82929, 12.3]},
			"faces": {
				"north": {"uv": [16, 0, 0, 16], "texture": "#2"},
				"east": {"uv": [16, 0, 0, 16], "texture": "#2"},
				"south": {"uv": [16, 0, 0, 16], "texture": "#2"},
				"west": {"uv": [16, 0, 0, 16], "texture": "#2"},
				"up": {"uv": [16, 0, 0, 16], "texture": "#2"},
				"down": {"uv": [16, 0, 0, 16], "texture": "#2"}
			}
		},
		{
			"from": [7.3, 6.77929, 16.2],
			"to": [7.7, 7.57929, 16.6],
			"rotation": {"angle": 0, "axis": "y", "origin": [7.45, 6.82929, 12.9]},
			"faces": {
				"north": {"uv": [16, 0, 0, 16], "texture": "#2"},
				"east": {"uv": [16, 0, 0, 16], "texture": "#2"},
				"south": {"uv": [16, 0, 0, 16], "texture": "#2"},
				"west": {"uv": [16, 0, 0, 16], "texture": "#2"},
				"up": {"uv": [16, 0, 0, 16], "texture": "#2"},
				"down": {"uv": [16, 0, 0, 16], "texture": "#2"}
			}
		},
		{
			"from": [7.3, 7.07929, 16.6],
			"to": [7.7, 7.37929, 16.9],
			"rotation": {"angle": 0, "axis": "y", "origin": [7.45, 6.82929, 13.3]},
			"faces": {
				"north": {"uv": [16, 0, 0, 16], "texture": "#8"},
				"east": {"uv": [16, 0, 0, 16], "texture": "#8"},
				"south": {"uv": [16, 0, 0, 16], "texture": "#8"},
				"west": {"uv": [16, 0, 0, 16], "texture": "#8"},
				"up": {"uv": [16, 0, 0, 16], "texture": "#8"},
				"down": {"uv": [16, 0, 0, 16], "texture": "#8"}
			}
		},
		{
			"from": [7.4, 7.37929, 16.6],
			"to": [7.6, 7.47929, 16.9],
			"rotation": {"angle": 0, "axis": "y", "origin": [7.45, 7.12929, 13.3]},
			"faces": {
				"north": {"uv": [16, 0, 0, 16], "texture": "#8"},
				"east": {"uv": [16, 0, 0, 16], "texture": "#8"},
				"south": {"uv": [16, 0, 0, 16], "texture": "#8"},
				"west": {"uv": [16, 0, 0, 16], "texture": "#8"},
				"up": {"uv": [16, 0, 0, 16], "texture": "#8"},
				"down": {"uv": [16, 0, 0, 16], "texture": "#8"}
			}
		},
		{
			"from": [7.4, 7.27929, 16.9],
			"to": [7.6, 7.37929, 17],
			"rotation": {"angle": 0, "axis": "y", "origin": [7.45, 7.12929, 13.4]},
			"faces": {
				"north": {"uv": [16, 0, 0, 16], "texture": "#8"},
				"east": {"uv": [16, 0, 0, 16], "texture": "#8"},
				"south": {"uv": [16, 0, 0, 16], "texture": "#8"},
				"west": {"uv": [16, 0, 0, 16], "texture": "#8"},
				"up": {"uv": [16, 0, 0, 16], "texture": "#8"},
				"down": {"uv": [16, 0, 0, 16], "texture": "#8"}
			}
		},
		{
			"from": [7.4, 7.17929, 17],
			"to": [7.6, 7.27929, 17.2],
			"rotation": {"angle": 0, "axis": "y", "origin": [7.45, 7.02929, 13.5]},
			"faces": {
				"north": {"uv": [16, 0, 0, 16], "texture": "#8"},
				"east": {"uv": [16, 0, 0, 16], "texture": "#8"},
				"south": {"uv": [16, 0, 0, 16], "texture": "#8"},
				"west": {"uv": [16, 0, 0, 16], "texture": "#8"},
				"up": {"uv": [16, 0, 0, 16], "texture": "#8"},
				"down": {"uv": [16, 0, 0, 16], "texture": "#8"}
			}
		},
		{
			"from": [7.35, 7.07929, 17.2],
			"to": [7.65, 7.17929, 17.4],
			"rotation": {"angle": 0, "axis": "y", "origin": [7.4, 6.82929, 13.7]},
			"faces": {
				"north": {"uv": [16, 0, 0, 16], "texture": "#8"},
				"east": {"uv": [16, 0, 0, 16], "texture": "#8"},
				"south": {"uv": [16, 0, 0, 16], "texture": "#8"},
				"west": {"uv": [16, 0, 0, 16], "texture": "#8"},
				"up": {"uv": [16, 0, 0, 16], "texture": "#8"},
				"down": {"uv": [16, 0, 0, 16], "texture": "#8"}
			}
		},
		{
			"from": [7.4, 7.17929, 17.2],
			"to": [7.6, 7.27929, 17.3],
			"rotation": {"angle": 0, "axis": "y", "origin": [7.45, 6.92929, 13.7]},
			"faces": {
				"north": {"uv": [16, 0, 0, 16], "texture": "#8"},
				"east": {"uv": [16, 0, 0, 16], "texture": "#8"},
				"south": {"uv": [16, 0, 0, 16], "texture": "#8"},
				"west": {"uv": [16, 0, 0, 16], "texture": "#8"},
				"up": {"uv": [16, 0, 0, 16], "texture": "#8"},
				"down": {"uv": [16, 0, 0, 16], "texture": "#8"}
			}
		},
		{
			"from": [7.35, 6.97929, 17.6],
			"to": [7.65, 7.07929, 17.8],
			"rotation": {"angle": 0, "axis": "y", "origin": [7.4, 6.72929, 14]},
			"faces": {
				"north": {"uv": [16, 0, 0, 16], "texture": "#8"},
				"east": {"uv": [16, 0, 0, 16], "texture": "#8"},
				"south": {"uv": [16, 0, 0, 16], "texture": "#8"},
				"west": {"uv": [16, 0, 0, 16], "texture": "#8"},
				"up": {"uv": [16, 0, 0, 16], "texture": "#8"},
				"down": {"uv": [16, 0, 0, 16], "texture": "#8"}
			}
		},
		{
			"from": [7.35, 6.87929, 17.8],
			"to": [7.65, 7.07929, 18],
			"rotation": {"angle": 0, "axis": "y", "origin": [7.4, 6.62929, 14.2]},
			"faces": {
				"north": {"uv": [16, 0, 0, 16], "texture": "#8"},
				"east": {"uv": [16, 0, 0, 16], "texture": "#8"},
				"south": {"uv": [16, 0, 0, 16], "texture": "#8"},
				"west": {"uv": [16, 0, 0, 16], "texture": "#8"},
				"up": {"uv": [16, 0, 0, 16], "texture": "#8"},
				"down": {"uv": [16, 0, 0, 16], "texture": "#8"}
			}
		},
		{
			"from": [7.35, 6.87929, 18],
			"to": [7.65, 7.02929, 18.2],
			"rotation": {"angle": 0, "axis": "y", "origin": [7.4, 6.62929, 14.4]},
			"faces": {
				"north": {"uv": [16, 0, 0, 16], "texture": "#8"},
				"east": {"uv": [16, 0, 0, 16], "texture": "#8"},
				"south": {"uv": [16, 0, 0, 16], "texture": "#8"},
				"west": {"uv": [16, 0, 0, 16], "texture": "#8"},
				"up": {"uv": [16, 0, 0, 16], "texture": "#8"},
				"down": {"uv": [16, 0, 0, 16], "texture": "#8"}
			}
		},
		{
			"from": [7.35, 6.87929, 18.2],
			"to": [7.65, 7.12929, 18.5],
			"rotation": {"angle": 0, "axis": "y", "origin": [7.4, 6.62929, 14.7]},
			"faces": {
				"north": {"uv": [16, 0, 0, 16], "texture": "#8"},
				"east": {"uv": [16, 0, 0, 16], "texture": "#8"},
				"south": {"uv": [16, 0, 0, 16], "texture": "#8"},
				"west": {"uv": [16, 0, 0, 16], "texture": "#8"},
				"up": {"uv": [16, 0, 0, 16], "texture": "#8"},
				"down": {"uv": [16, 0, 0, 16], "texture": "#8"}
			}
		},
		{
			"from": [7.35, 7.12929, 18.3],
			"to": [7.65, 7.27929, 18.5],
			"rotation": {"angle": 0, "axis": "y", "origin": [7.4, 6.87929, 14.7]},
			"faces": {
				"north": {"uv": [16, 0, 0, 16], "texture": "#8"},
				"east": {"uv": [16, 0, 0, 16], "texture": "#8"},
				"south": {"uv": [16, 0, 0, 16], "texture": "#8"},
				"west": {"uv": [16, 0, 0, 16], "texture": "#8"},
				"up": {"uv": [16, 0, 0, 16], "texture": "#8"},
				"down": {"uv": [16, 0, 0, 16], "texture": "#8"}
			}
		},
		{
			"from": [7.35, 7.17929, 18.5],
			"to": [7.65, 7.32929, 22],
			"rotation": {"angle": 0, "axis": "y", "origin": [7.4, 6.92929, 14.9]},
			"faces": {
				"north": {"uv": [16, 0, 0, 16], "texture": "#8"},
				"east": {"uv": [16, 0, 0, 16], "texture": "#8"},
				"south": {"uv": [16, 0, 0, 16], "texture": "#8"},
				"west": {"uv": [16, 0, 0, 16], "texture": "#8"},
				"up": {"uv": [16, 0, 0, 16], "texture": "#8"},
				"down": {"uv": [16, 0, 0, 16], "texture": "#8"}
			}
		},
		{
			"from": [7.35, 4.92929, 21],
			"to": [7.65, 5.07929, 22],
			"rotation": {"angle": 0, "axis": "y", "origin": [7.4, 4.67929, 14.9]},
			"faces": {
				"north": {"uv": [16, 0, 0, 16], "texture": "#8"},
				"east": {"uv": [16, 0, 0, 16], "texture": "#8"},
				"south": {"uv": [16, 0, 0, 16], "texture": "#8"},
				"west": {"uv": [16, 0, 0, 16], "texture": "#8"},
				"up": {"uv": [16, 0, 0, 16], "texture": "#8"},
				"down": {"uv": [16, 0, 0, 16], "texture": "#8"}
			}
		},
		{
			"from": [7.35, 5.02929, 19.9],
			"to": [7.65, 5.17929, 21],
			"rotation": {"angle": 0, "axis": "y", "origin": [7.4, 4.77929, 13.9]},
			"faces": {
				"north": {"uv": [16, 0, 0, 16], "texture": "#8"},
				"east": {"uv": [16, 0, 0, 16], "texture": "#8"},
				"south": {"uv": [16, 0, 0, 16], "texture": "#8"},
				"west": {"uv": [16, 0, 0, 16], "texture": "#8"},
				"up": {"uv": [16, 0, 0, 16], "texture": "#8"},
				"down": {"uv": [16, 0, 0, 16], "texture": "#8"}
			}
		},
		{
			"from": [7.35, 5.07929, 19.5],
			"to": [7.65, 5.17929, 19.9],
			"rotation": {"angle": 0, "axis": "y", "origin": [7.4, 4.77929, 13.3]},
			"faces": {
				"north": {"uv": [16, 0, 0, 16], "texture": "#8"},
				"east": {"uv": [16, 0, 0, 16], "texture": "#8"},
				"south": {"uv": [16, 0, 0, 16], "texture": "#8"},
				"west": {"uv": [16, 0, 0, 16], "texture": "#8"},
				"up": {"uv": [16, 0, 0, 16], "texture": "#8"},
				"down": {"uv": [16, 0, 0, 16], "texture": "#8"}
			}
		},
		{
			"from": [7.35, 5.12929, 19.2],
			"to": [7.65, 5.37929, 19.5],
			"rotation": {"angle": 0, "axis": "y", "origin": [7.4, 4.77929, 12.9]},
			"faces": {
				"north": {"uv": [16, 0, 0, 16], "texture": "#8"},
				"east": {"uv": [16, 0, 0, 16], "texture": "#8"},
				"south": {"uv": [16, 0, 0, 16], "texture": "#8"},
				"west": {"uv": [16, 0, 0, 16], "texture": "#8"},
				"up": {"uv": [16, 0, 0, 16], "texture": "#8"},
				"down": {"uv": [16, 0, 0, 16], "texture": "#8"}
			}
		},
		{
			"from": [7.35, 5.22929, 19],
			"to": [7.65, 5.47929, 19.2],
			"rotation": {"angle": 0, "axis": "y", "origin": [7.4, 4.77929, 12.6]},
			"faces": {
				"north": {"uv": [16, 0, 0, 16], "texture": "#8"},
				"east": {"uv": [16, 0, 0, 16], "texture": "#8"},
				"south": {"uv": [16, 0, 0, 16], "texture": "#8"},
				"west": {"uv": [16, 0, 0, 16], "texture": "#8"},
				"up": {"uv": [16, 0, 0, 16], "texture": "#8"},
				"down": {"uv": [16, 0, 0, 16], "texture": "#8"}
			}
		},
		{
			"from": [7.35, 5.32929, 18.8],
			"to": [7.65, 5.67929, 19],
			"rotation": {"angle": 0, "axis": "y", "origin": [7.4, 4.97929, 12.4]},
			"faces": {
				"north": {"uv": [16, 0, 0, 16], "texture": "#8"},
				"east": {"uv": [16, 0, 0, 16], "texture": "#8"},
				"south": {"uv": [16, 0, 0, 16], "texture": "#8"},
				"west": {"uv": [16, 0, 0, 16], "texture": "#8"},
				"up": {"uv": [16, 0, 0, 16], "texture": "#8"},
				"down": {"uv": [16, 0, 0, 16], "texture": "#8"}
			}
		},
		{
			"from": [7.35, 5.52929, 18.6],
			"to": [7.65, 5.77929, 18.7],
			"rotation": {"angle": 0, "axis": "y", "origin": [7.4, 5.07929, 12.1]},
			"faces": {
				"north": {"uv": [16, 0, 0, 16], "texture": "#8"},
				"east": {"uv": [16, 0, 0, 16], "texture": "#8"},
				"south": {"uv": [16, 0, 0, 16], "texture": "#8"},
				"west": {"uv": [16, 0, 0, 16], "texture": "#8"},
				"up": {"uv": [16, 0, 0, 16], "texture": "#8"},
				"down": {"uv": [16, 0, 0, 16], "texture": "#8"}
			}
		},
		{
			"from": [7.35, 5.57929, 18.5],
			"to": [7.65, 5.77929, 18.6],
			"rotation": {"angle": 0, "axis": "y", "origin": [7.4, 5.07929, 12]},
			"faces": {
				"north": {"uv": [16, 0, 0, 16], "texture": "#8"},
				"east": {"uv": [16, 0, 0, 16], "texture": "#8"},
				"south": {"uv": [16, 0, 0, 16], "texture": "#8"},
				"west": {"uv": [16, 0, 0, 16], "texture": "#8"},
				"up": {"uv": [16, 0, 0, 16], "texture": "#8"},
				"down": {"uv": [16, 0, 0, 16], "texture": "#8"}
			}
		},
		{
			"from": [7.35, 5.67929, 18.4],
			"to": [7.65, 5.97929, 18.5],
			"rotation": {"angle": 0, "axis": "y", "origin": [7.4, 5.27929, 11.9]},
			"faces": {
				"north": {"uv": [16, 0, 0, 16], "texture": "#8"},
				"east": {"uv": [16, 0, 0, 16], "texture": "#8"},
				"south": {"uv": [16, 0, 0, 16], "texture": "#8"},
				"west": {"uv": [16, 0, 0, 16], "texture": "#8"},
				"up": {"uv": [16, 0, 0, 16], "texture": "#8"},
				"down": {"uv": [16, 0, 0, 16], "texture": "#8"}
			}
		},
		{
			"from": [7.35, 5.72929, 18.3],
			"to": [7.65, 5.97929, 18.4],
			"rotation": {"angle": 0, "axis": "y", "origin": [7.4, 5.27929, 11.8]},
			"faces": {
				"north": {"uv": [16, 0, 0, 16], "texture": "#8"},
				"east": {"uv": [16, 0, 0, 16], "texture": "#8"},
				"south": {"uv": [16, 0, 0, 16], "texture": "#8"},
				"west": {"uv": [16, 0, 0, 16], "texture": "#8"},
				"up": {"uv": [16, 0, 0, 16], "texture": "#8"},
				"down": {"uv": [16, 0, 0, 16], "texture": "#8"}
			}
		},
		{
			"from": [7.35, 5.82929, 18.2],
			"to": [7.65, 5.97929, 18.3],
			"rotation": {"angle": 0, "axis": "y", "origin": [7.4, 5.27929, 11.7]},
			"faces": {
				"north": {"uv": [16, 0, 0, 16], "texture": "#8"},
				"east": {"uv": [16, 0, 0, 16], "texture": "#8"},
				"south": {"uv": [16, 0, 0, 16], "texture": "#8"},
				"west": {"uv": [16, 0, 0, 16], "texture": "#8"},
				"up": {"uv": [16, 0, 0, 16], "texture": "#8"},
				"down": {"uv": [16, 0, 0, 16], "texture": "#8"}
			}
		},
		{
			"from": [7.35, 5.87929, 18],
			"to": [7.65, 5.97929, 18.2],
			"rotation": {"angle": 0, "axis": "y", "origin": [7.4, 5.27929, 11.6]},
			"faces": {
				"north": {"uv": [16, 0, 0, 16], "texture": "#8"},
				"east": {"uv": [16, 0, 0, 16], "texture": "#8"},
				"south": {"uv": [16, 0, 0, 16], "texture": "#8"},
				"west": {"uv": [16, 0, 0, 16], "texture": "#8"},
				"up": {"uv": [16, 0, 0, 16], "texture": "#8"},
				"down": {"uv": [16, 0, 0, 16], "texture": "#8"}
			}
		},
		{
			"from": [7.35, 5.97929, 17.8],
			"to": [7.65, 6.07929, 18],
			"rotation": {"angle": 0, "axis": "y", "origin": [7.4, 5.27929, 11.4]},
			"faces": {
				"north": {"uv": [16, 0, 0, 16], "texture": "#8"},
				"east": {"uv": [16, 0, 0, 16], "texture": "#8"},
				"south": {"uv": [16, 0, 0, 16], "texture": "#8"},
				"west": {"uv": [16, 0, 0, 16], "texture": "#8"},
				"up": {"uv": [16, 0, 0, 16], "texture": "#8"},
				"down": {"uv": [16, 0, 0, 16], "texture": "#8"}
			}
		},
		{
			"from": [7.35, 6.07929, 17.6],
			"to": [7.65, 6.17929, 17.8],
			"rotation": {"angle": 0, "axis": "y", "origin": [7.4, 5.37929, 11.2]},
			"faces": {
				"north": {"uv": [16, 0, 0, 16], "texture": "#8"},
				"east": {"uv": [16, 0, 0, 16], "texture": "#8"},
				"south": {"uv": [16, 0, 0, 16], "texture": "#8"},
				"west": {"uv": [16, 0, 0, 16], "texture": "#8"},
				"up": {"uv": [16, 0, 0, 16], "texture": "#8"},
				"down": {"uv": [16, 0, 0, 16], "texture": "#8"}
			}
		},
		{
			"from": [7.35, 6.27929, 17.3],
			"to": [7.65, 6.37929, 17.4],
			"rotation": {"angle": 0, "axis": "y", "origin": [7.4, 5.57929, 10.8]},
			"faces": {
				"north": {"uv": [16, 0, 0, 16], "texture": "#8"},
				"east": {"uv": [16, 0, 0, 16], "texture": "#8"},
				"south": {"uv": [16, 0, 0, 16], "texture": "#8"},
				"west": {"uv": [16, 0, 0, 16], "texture": "#8"},
				"up": {"uv": [16, 0, 0, 16], "texture": "#8"},
				"down": {"uv": [16, 0, 0, 16], "texture": "#8"}
			}
		},
		{
			"from": [7.35, 6.17929, 17.4],
			"to": [7.65, 6.27929, 17.6],
			"rotation": {"angle": 0, "axis": "y", "origin": [7.4, 5.47929, 11]},
			"faces": {
				"north": {"uv": [16, 0, 0, 16], "texture": "#8"},
				"east": {"uv": [16, 0, 0, 16], "texture": "#8"},
				"south": {"uv": [16, 0, 0, 16], "texture": "#8"},
				"west": {"uv": [16, 0, 0, 16], "texture": "#8"},
				"up": {"uv": [16, 0, 0, 16], "texture": "#8"},
				"down": {"uv": [16, 0, 0, 16], "texture": "#8"}
			}
		},
		{
			"from": [7.35, 5.42929, 18.7],
			"to": [7.65, 5.67929, 18.8],
			"rotation": {"angle": 0, "axis": "y", "origin": [7.4, 4.97929, 12.2]},
			"faces": {
				"north": {"uv": [16, 0, 0, 16], "texture": "#8"},
				"east": {"uv": [16, 0, 0, 16], "texture": "#8"},
				"south": {"uv": [16, 0, 0, 16], "texture": "#8"},
				"west": {"uv": [16, 0, 0, 16], "texture": "#8"},
				"up": {"uv": [16, 0, 0, 16], "texture": "#8"},
				"down": {"uv": [16, 0, 0, 16], "texture": "#8"}
			}
		},
		{
			"from": [7.35, 6.97929, 17.4],
			"to": [7.65, 7.17929, 17.6],
			"rotation": {"angle": 0, "axis": "y", "origin": [7.4, 6.72929, 13.9]},
			"faces": {
				"north": {"uv": [16, 0, 0, 16], "texture": "#8"},
				"east": {"uv": [16, 0, 0, 16], "texture": "#8"},
				"south": {"uv": [16, 0, 0, 16], "texture": "#8"},
				"west": {"uv": [16, 0, 0, 16], "texture": "#8"},
				"up": {"uv": [16, 0, 0, 16], "texture": "#8"},
				"down": {"uv": [16, 0, 0, 16], "texture": "#8"}
			}
		},
		{
			"from": [7.4, 7.27929, 17],
			"to": [7.6, 7.37929, 17.1],
			"rotation": {"angle": 0, "axis": "y", "origin": [7.45, 7.02929, 13.5]},
			"faces": {
				"north": {"uv": [16, 0, 0, 16], "texture": "#8"},
				"east": {"uv": [16, 0, 0, 16], "texture": "#8"},
				"south": {"uv": [16, 0, 0, 16], "texture": "#8"},
				"west": {"uv": [16, 0, 0, 16], "texture": "#8"},
				"up": {"uv": [16, 0, 0, 16], "texture": "#8"},
				"down": {"uv": [16, 0, 0, 16], "texture": "#8"}
			}
		},
		{
			"from": [7.3, 6.87929, 16.9],
			"to": [7.7, 7.27929, 17],
			"rotation": {"angle": 0, "axis": "y", "origin": [7.45, 6.62929, 13.4]},
			"faces": {
				"north": {"uv": [16, 0, 0, 16], "texture": "#8"},
				"east": {"uv": [16, 0, 0, 16], "texture": "#8"},
				"south": {"uv": [16, 0, 0, 16], "texture": "#8"},
				"west": {"uv": [16, 0, 0, 16], "texture": "#8"},
				"up": {"uv": [16, 0, 0, 16], "texture": "#8"},
				"down": {"uv": [16, 0, 0, 16], "texture": "#8"}
			}
		},
		{
			"from": [7.3, 6.77929, 17],
			"to": [7.7, 7.17929, 17.2],
			"rotation": {"angle": 0, "axis": "y", "origin": [7.45, 6.52929, 13.5]},
			"faces": {
				"north": {"uv": [16, 0, 0, 16], "texture": "#8"},
				"east": {"uv": [16, 0, 0, 16], "texture": "#8"},
				"south": {"uv": [16, 0, 0, 16], "texture": "#8"},
				"west": {"uv": [16, 0, 0, 16], "texture": "#8"},
				"up": {"uv": [16, 0, 0, 16], "texture": "#8"},
				"down": {"uv": [16, 0, 0, 16], "texture": "#8"}
			}
		},
		{
			"from": [7.25, 6.67929, 17.2],
			"to": [7.75, 7.07929, 17.3],
			"rotation": {"angle": 0, "axis": "y", "origin": [7.4, 6.42929, 13.7]},
			"faces": {
				"north": {"uv": [16, 0, 0, 16], "texture": "#8"},
				"east": {"uv": [16, 0, 0, 16], "texture": "#8"},
				"south": {"uv": [16, 0, 0, 16], "texture": "#8"},
				"west": {"uv": [16, 0, 0, 16], "texture": "#8"},
				"up": {"uv": [16, 0, 0, 16], "texture": "#8"},
				"down": {"uv": [16, 0, 0, 16], "texture": "#8"}
			}
		},
		{
			"from": [7.25, 6.37929, 17.3],
			"to": [7.75, 7.07929, 17.4],
			"rotation": {"angle": 0, "axis": "y", "origin": [7.4, 6.42929, 13.8]},
			"faces": {
				"north": {"uv": [16, 0, 0, 16], "texture": "#8"},
				"east": {"uv": [16, 0, 0, 16], "texture": "#8"},
				"south": {"uv": [16, 0, 0, 16], "texture": "#8"},
				"west": {"uv": [16, 0, 0, 16], "texture": "#8"},
				"up": {"uv": [16, 0, 0, 16], "texture": "#8"},
				"down": {"uv": [16, 0, 0, 16], "texture": "#8"}
			}
		},
		{
			"from": [7.25, 6.27929, 17.4],
			"to": [7.75, 6.97929, 17.6],
			"rotation": {"angle": 0, "axis": "y", "origin": [7.4, 6.32929, 13.9]},
			"faces": {
				"north": {"uv": [16, 0, 0, 16], "texture": "#8"},
				"east": {"uv": [16, 0, 0, 16], "texture": "#8"},
				"south": {"uv": [16, 0, 0, 16], "texture": "#8"},
				"west": {"uv": [16, 0, 0, 16], "texture": "#8"},
				"up": {"uv": [16, 0, 0, 16], "texture": "#8"},
				"down": {"uv": [16, 0, 0, 16], "texture": "#8"}
			}
		},
		{
			"from": [7.25, 6.17929, 17.6],
			"to": [7.75, 6.97929, 17.8],
			"rotation": {"angle": 0, "axis": "y", "origin": [7.4, 6.32929, 14.1]},
			"faces": {
				"north": {"uv": [16, 0, 0, 16], "texture": "#8"},
				"east": {"uv": [16, 0, 0, 16], "texture": "#8"},
				"south": {"uv": [16, 0, 0, 16], "texture": "#8"},
				"west": {"uv": [16, 0, 0, 16], "texture": "#8"},
				"up": {"uv": [16, 0, 0, 16], "texture": "#8"},
				"down": {"uv": [16, 0, 0, 16], "texture": "#8"}
			}
		},
		{
			"from": [7.25, 6.07929, 17.8],
			"to": [7.75, 6.87929, 18],
			"rotation": {"angle": 0, "axis": "y", "origin": [7.4, 6.22929, 14.3]},
			"faces": {
				"north": {"uv": [16, 0, 0, 16], "texture": "#8"},
				"east": {"uv": [16, 0, 0, 16], "texture": "#8"},
				"south": {"uv": [16, 0, 0, 16], "texture": "#8"},
				"west": {"uv": [16, 0, 0, 16], "texture": "#8"},
				"up": {"uv": [16, 0, 0, 16], "texture": "#8"},
				"down": {"uv": [16, 0, 0, 16], "texture": "#8"}
			}
		},
		{
			"from": [7.25, 5.97929, 18],
			"to": [7.75, 6.87929, 22],
			"rotation": {"angle": 0, "axis": "y", "origin": [7.4, 6.22929, 14.5]},
			"faces": {
				"north": {"uv": [16, 0, 0, 16], "texture": "#8"},
				"east": {"uv": [16, 0, 0, 16], "texture": "#8"},
				"south": {"uv": [16, 0, 0, 16], "texture": "#8"},
				"west": {"uv": [16, 0, 0, 16], "texture": "#8"},
				"up": {"uv": [16, 0, 0, 16], "texture": "#8"},
				"down": {"uv": [16, 0, 0, 16], "texture": "#8"}
			}
		},
		{
			"from": [7.25, 6.87929, 18.5],
			"to": [7.75, 7.17929, 22],
			"rotation": {"angle": 0, "axis": "y", "origin": [7.4, 7.12929, 14.5]},
			"faces": {
				"north": {"uv": [16, 0, 0, 16], "texture": "#8"},
				"east": {"uv": [16, 0, 0, 16], "texture": "#8"},
				"south": {"uv": [16, 0, 0, 16], "texture": "#8"},
				"west": {"uv": [16, 0, 0, 16], "texture": "#8"},
				"up": {"uv": [16, 0, 0, 16], "texture": "#8"},
				"down": {"uv": [16, 0, 0, 16], "texture": "#8"}
			}
		},
		{
			"from": [7.25, 5.67929, 18.7],
			"to": [7.75, 5.97929, 22],
			"rotation": {"angle": 0, "axis": "y", "origin": [7.4, 5.92929, 14.5]},
			"faces": {
				"north": {"uv": [16, 0, 0, 16], "texture": "#8"},
				"east": {"uv": [16, 0, 0, 16], "texture": "#8"},
				"south": {"uv": [16, 0, 0, 16], "texture": "#8"},
				"west": {"uv": [16, 0, 0, 16], "texture": "#8"},
				"up": {"uv": [16, 0, 0, 16], "texture": "#8"},
				"down": {"uv": [16, 0, 0, 16], "texture": "#8"}
			}
		},
		{
			"from": [7.25, 5.37929, 19.2],
			"to": [7.75, 5.67929, 22],
			"rotation": {"angle": 0, "axis": "y", "origin": [7.4, 5.62929, 14.5]},
			"faces": {
				"north": {"uv": [16, 0, 0, 16], "texture": "#8"},
				"east": {"uv": [16, 0, 0, 16], "texture": "#8"},
				"south": {"uv": [16, 0, 0, 16], "texture": "#8"},
				"west": {"uv": [16, 0, 0, 16], "texture": "#8"},
				"up": {"uv": [16, 0, 0, 16], "texture": "#8"},
				"down": {"uv": [16, 0, 0, 16], "texture": "#8"}
			}
		},
		{
			"from": [7.25, 5.07929, 21],
			"to": [7.75, 5.37929, 22],
			"rotation": {"angle": 0, "axis": "y", "origin": [7.4, 5.32929, 14.5]},
			"faces": {
				"north": {"uv": [16, 0, 0, 16], "texture": "#8"},
				"east": {"uv": [16, 0, 0, 16], "texture": "#8"},
				"south": {"uv": [16, 0, 0, 16], "texture": "#8"},
				"west": {"uv": [16, 0, 0, 16], "texture": "#8"},
				"up": {"uv": [16, 0, 0, 16], "texture": "#8"},
				"down": {"uv": [16, 0, 0, 16], "texture": "#8"}
			}
		},
		{
			"from": [7.25, 5.17929, 19.5],
			"to": [7.75, 5.37929, 21],
			"rotation": {"angle": 0, "axis": "y", "origin": [7.4, 5.32929, 13.5]},
			"faces": {
				"north": {"uv": [16, 0, 0, 16], "texture": "#8"},
				"east": {"uv": [16, 0, 0, 16], "texture": "#8"},
				"south": {"uv": [16, 0, 0, 16], "texture": "#8"},
				"west": {"uv": [16, 0, 0, 16], "texture": "#8"},
				"up": {"uv": [16, 0, 0, 16], "texture": "#8"},
				"down": {"uv": [16, 0, 0, 16], "texture": "#8"}
			}
		},
		{
			"from": [7.25, 5.47929, 19],
			"to": [7.75, 5.67929, 19.2],
			"rotation": {"angle": 0, "axis": "y", "origin": [7.4, 5.62929, 11.7]},
			"faces": {
				"north": {"uv": [16, 0, 0, 16], "texture": "#8"},
				"east": {"uv": [16, 0, 0, 16], "texture": "#8"},
				"south": {"uv": [16, 0, 0, 16], "texture": "#8"},
				"west": {"uv": [16, 0, 0, 16], "texture": "#8"},
				"up": {"uv": [16, 0, 0, 16], "texture": "#8"},
				"down": {"uv": [16, 0, 0, 16], "texture": "#8"}
			}
		},
		{
			"from": [7.25, 5.77929, 18.5],
			"to": [7.75, 5.97929, 18.7],
			"rotation": {"angle": 0, "axis": "y", "origin": [7.4, 5.92929, 11.2]},
			"faces": {
				"north": {"uv": [16, 0, 0, 16], "texture": "#8"},
				"east": {"uv": [16, 0, 0, 16], "texture": "#8"},
				"south": {"uv": [16, 0, 0, 16], "texture": "#8"},
				"west": {"uv": [16, 0, 0, 16], "texture": "#8"},
				"up": {"uv": [16, 0, 0, 16], "texture": "#8"},
				"down": {"uv": [16, 0, 0, 16], "texture": "#8"}
			}
		},
		{
			"from": [7.3, 6.87929, 16.8],
			"to": [7.7, 6.97929, 16.9],
			"rotation": {"angle": 0, "axis": "y", "origin": [7.45, 6.62929, 13.3]},
			"faces": {
				"north": {"uv": [16, 0, 0, 16], "texture": "#8"},
				"east": {"uv": [16, 0, 0, 16], "texture": "#8"},
				"south": {"uv": [16, 0, 0, 16], "texture": "#8"},
				"west": {"uv": [16, 0, 0, 16], "texture": "#8"},
				"up": {"uv": [16, 0, 0, 16], "texture": "#8"},
				"down": {"uv": [16, 0, 0, 16], "texture": "#8"}
			}
		},
		{
			"from": [7.3, 6.97929, 16.7],
			"to": [7.7, 7.07929, 16.9],
			"rotation": {"angle": 0, "axis": "y", "origin": [7.45, 6.72929, 13.3]},
			"faces": {
				"north": {"uv": [16, 0, 0, 16], "texture": "#8"},
				"east": {"uv": [16, 0, 0, 16], "texture": "#8"},
				"south": {"uv": [16, 0, 0, 16], "texture": "#8"},
				"west": {"uv": [16, 0, 0, 16], "texture": "#8"},
				"up": {"uv": [16, 0, 0, 16], "texture": "#8"},
				"down": {"uv": [16, 0, 0, 16], "texture": "#8"}
			}
		},
		{
			"from": [7.3, 7.57929, 16.2],
			"to": [7.7, 7.77929, 16.3],
			"rotation": {"angle": 0, "axis": "y", "origin": [7.45, 7.62929, 12.9]},
			"faces": {
				"north": {"uv": [16, 0, 0, 16], "texture": "#2"},
				"east": {"uv": [16, 0, 0, 16], "texture": "#2"},
				"south": {"uv": [16, 0, 0, 16], "texture": "#2"},
				"west": {"uv": [16, 0, 0, 16], "texture": "#2"},
				"up": {"uv": [16, 0, 0, 16], "texture": "#2"},
				"down": {"uv": [16, 0, 0, 16], "texture": "#2"}
			}
		},
		{
			"from": [7.3, 7.57929, 16.3],
			"to": [7.7, 7.67929, 16.4],
			"rotation": {"angle": 0, "axis": "y", "origin": [7.45, 7.62929, 13]},
			"faces": {
				"north": {"uv": [16, 0, 0, 16], "texture": "#2"},
				"east": {"uv": [16, 0, 0, 16], "texture": "#2"},
				"south": {"uv": [16, 0, 0, 16], "texture": "#2"},
				"west": {"uv": [16, 0, 0, 16], "texture": "#2"},
				"up": {"uv": [16, 0, 0, 16], "texture": "#2"},
				"down": {"uv": [16, 0, 0, 16], "texture": "#2"}
			}
		},
		{
			"from": [7.3, 6.57929, 16.6],
			"to": [7.7, 7.07929, 16.7],
			"rotation": {"angle": 0, "axis": "y", "origin": [7.45, 6.02929, 13.2]},
			"faces": {
				"north": {"uv": [16, 0, 0, 16], "texture": "#2"},
				"east": {"uv": [16, 0, 0, 16], "texture": "#2"},
				"south": {"uv": [16, 0, 0, 16], "texture": "#2"},
				"west": {"uv": [16, 0, 0, 16], "texture": "#2"},
				"up": {"uv": [16, 0, 0, 16], "texture": "#2"},
				"down": {"uv": [16, 0, 0, 16], "texture": "#2"}
			}
		},
		{
			"from": [7.3, 6.67929, 16.3],
			"to": [7.7, 6.77929, 16.6],
			"rotation": {"angle": 0, "axis": "y", "origin": [7.45, 6.02929, 12.9]},
			"faces": {
				"north": {"uv": [16, 0, 0, 16], "texture": "#2"},
				"east": {"uv": [16, 0, 0, 16], "texture": "#2"},
				"south": {"uv": [16, 0, 0, 16], "texture": "#2"},
				"west": {"uv": [16, 0, 0, 16], "texture": "#2"},
				"up": {"uv": [16, 0, 0, 16], "texture": "#2"},
				"down": {"uv": [16, 0, 0, 16], "texture": "#2"}
			}
		},
		{
			"from": [7.3, 6.47929, 16.7],
			"to": [7.7, 6.97929, 16.8],
			"rotation": {"angle": 0, "axis": "y", "origin": [7.45, 6.02929, 13.3]},
			"faces": {
				"north": {"uv": [16, 0, 0, 16], "texture": "#2"},
				"east": {"uv": [16, 0, 0, 16], "texture": "#2"},
				"south": {"uv": [16, 0, 0, 16], "texture": "#2"},
				"west": {"uv": [16, 0, 0, 16], "texture": "#2"},
				"up": {"uv": [16, 0, 0, 16], "texture": "#2"},
				"down": {"uv": [16, 0, 0, 16], "texture": "#2"}
			}
		},
		{
			"from": [7.3, 6.47929, 16.8],
			"to": [7.7, 6.87929, 16.9],
			"rotation": {"angle": 0, "axis": "y", "origin": [7.45, 6.02929, 13.4]},
			"faces": {
				"north": {"uv": [16, 0, 0, 16], "texture": "#2"},
				"east": {"uv": [16, 0, 0, 16], "texture": "#2"},
				"south": {"uv": [16, 0, 0, 16], "texture": "#2"},
				"west": {"uv": [16, 0, 0, 16], "texture": "#2"},
				"up": {"uv": [16, 0, 0, 16], "texture": "#2"},
				"down": {"uv": [16, 0, 0, 16], "texture": "#2"}
			}
		},
		{
			"from": [7.3, 6.47929, 16.9],
			"to": [7.7, 6.87929, 17],
			"rotation": {"angle": 0, "axis": "y", "origin": [7.45, 6.02929, 13.5]},
			"faces": {
				"north": {"uv": [16, 0, 0, 16], "texture": "#2"},
				"east": {"uv": [16, 0, 0, 16], "texture": "#2"},
				"south": {"uv": [16, 0, 0, 16], "texture": "#2"},
				"west": {"uv": [16, 0, 0, 16], "texture": "#2"},
				"up": {"uv": [16, 0, 0, 16], "texture": "#2"},
				"down": {"uv": [16, 0, 0, 16], "texture": "#2"}
			}
		},
		{
			"from": [7.3, 6.37929, 17],
			"to": [7.7, 6.77929, 17.1],
			"rotation": {"angle": 0, "axis": "y", "origin": [7.45, 6.02929, 13.6]},
			"faces": {
				"north": {"uv": [16, 0, 0, 16], "texture": "#2"},
				"east": {"uv": [16, 0, 0, 16], "texture": "#2"},
				"south": {"uv": [16, 0, 0, 16], "texture": "#2"},
				"west": {"uv": [16, 0, 0, 16], "texture": "#2"},
				"up": {"uv": [16, 0, 0, 16], "texture": "#2"},
				"down": {"uv": [16, 0, 0, 16], "texture": "#2"}
			}
		},
		{
			"from": [7.3, 6.37929, 17.1],
			"to": [7.7, 6.77929, 17.2],
			"rotation": {"angle": 0, "axis": "y", "origin": [7.45, 6.02929, 13.7]},
			"faces": {
				"north": {"uv": [16, 0, 0, 16], "texture": "#2"},
				"east": {"uv": [16, 0, 0, 16], "texture": "#2"},
				"south": {"uv": [16, 0, 0, 16], "texture": "#2"},
				"west": {"uv": [16, 0, 0, 16], "texture": "#2"},
				"up": {"uv": [16, 0, 0, 16], "texture": "#2"},
				"down": {"uv": [16, 0, 0, 16], "texture": "#2"}
			}
		},
		{
			"from": [7.3, 6.37929, 17.2],
			"to": [7.7, 6.67929, 17.3],
			"rotation": {"angle": 0, "axis": "y", "origin": [7.45, 6.02929, 13.8]},
			"faces": {
				"north": {"uv": [16, 0, 0, 16], "texture": "#2"},
				"east": {"uv": [16, 0, 0, 16], "texture": "#2"},
				"south": {"uv": [16, 0, 0, 16], "texture": "#2"},
				"west": {"uv": [16, 0, 0, 16], "texture": "#2"},
				"up": {"uv": [16, 0, 0, 16], "texture": "#2"},
				"down": {"uv": [16, 0, 0, 16], "texture": "#2"}
			}
		}
	],
	"display": {
		"thirdperson_righthand": {
			"rotation": [5, -17, 0],
			"translation": [0.75, 1.35, -7.25],
			"scale": [1.01, 1.01, 1.01]
		},
		"thirdperson_lefthand": {
			"rotation": [5, -17, 0],
			"translation": [0, 1.35, -7.5],
			"scale": [1.01, 1.01, 1.01]
		},
		"firstperson_righthand": {
			"rotation": [0, -10, 0],
			"translation": [1.65, 17.0, 1]
		},
		"firstperson_lefthand": {
			"rotation": [0, -9.9, 0],
			"translation": [0.65, 7.75, 1]
		},
		"ground": {
			"rotation": [0, 0, 90]
		},
		"gui": {
			"rotation": [90, 45, -90]
		},
		"fixed": {
			"rotation": [90, 90, -90],
			"translation": [-13.25, 0, -3.25],
			"scale": [2, 2, 2]
		}
	},
	"groups": [0, 1, 2, 3, 4, 5, 6, 7, 8, 9, 10, 11, 12, 13, 14, 15, 16, 17, 18, 19, 20, 21, 22, 23, 24, 25, 26, 27, 28, 29, 30, 31, 32, 33, 34, 35,
		{
			"name": "recieverblock",
			"origin": [7.45, 5.62929, 14.6],
			"children": [36, 37, 38, 39, 40, 41, 42, 43, 44, 45, 46, 47, 48, 49, 50, 51, 52, 53, 54, 55, 56, 57, 58, 59, 60, 61, 62, 63, 64, 65, 66, 67, 68, 69, 70, 71, 72, 73, 74, 75, 76, 77, 78, 79, 80, 81, 82, 83, 84, 85, 86, 87, 88, 89, 90, 91, 92, 93, 94, 95, 96, 97, 98, 99, 100, 101, 102, 103, 104, 105, 106, 107, 108, 109, 110, 111, 112, 113, 114, 115, 116, 117, 118, 119, 120, 121, 122, 123, 124, 125, 126, 127, 128, 129, 130, 131, 132, 133, 134, 135, 136, 137, 138, 139]
		}
	]
}