{
    "parent": "item/generated",
	"author": "RaulH22",
    "textures": {
        "layer0": "item/potion_overlay",
        "layer1": "item/potion"
    },
	
	"overrides": [
		{ "predicate": { "custom_model_data": 2200001}, "model": "item/raulh22/slimefun/slimefun/gui/slimefun_guide"},
		{ "predicate": { "custom_model_data": 2200002}, "model": "item/raulh22/slimefun/slimefun/gui/background"},
		{ "predicate": { "custom_model_data": 2200003}, "model": "item/raulh22/slimefun/slimefun/gui/back"},
		{ "predicate": { "custom_model_data": 2200004}, "model": "item/raulh22/slimefun/slimefun/gui/menu"},
		{ "predicate": { "custom_model_data": 2200005}, "model": "item/raulh22/slimefun/slimefun/gui/search"},
		{ "predicate": { "custom_model_data": 2200006}, "model": "item/raulh22/slimefun/slimefun/gui/wiki"},
		{ "predicate": { "custom_model_data": 2200007}, "model": "item/raulh22/slimefun/slimefun/gui/previous_active"},
		{ "predicate": { "custom_model_data": 2200008}, "model": "item/raulh22/slimefun/slimefun/gui/previous_inactive"},
		{ "predicate": { "custom_model_data": 2200009}, "model": "item/raulh22/slimefun/slimefun/gui/next_active"},
		{ "predicate": { "custom_model_data": 2200010}, "model": "item/raulh22/slimefun/slimefun/gui/next_inactive"},
		{ "predicate": { "custom_model_data": 2200011}, "model": "item/raulh22/slimefun/slimefun/weapons/grandmas_walking_stick"},
		{ "predicate": { "custom_model_data": 2200012}, "model": "item/raulh22/slimefun/slimefun/weapons/grandpas_walking_stick"},
		{ "predicate": { "custom_model_data": 2200013}, "model": "item/raulh22/slimefun/slimefun/items/portable_craftingtabble"},
		{ "predicate": { "custom_model_data": 2200014}, "model": "item/raulh22/slimefun/slimefun/food/fortune_cookie"},
		{ "predicate": { "custom_model_data": 2200015}, "model": "item/raulh22/slimefun/slimefun/food/diet_cookie"},
		{ "predicate": { "custom_model_data": 2200016}, "model": "item/raulh22/slimefun/slimefun/basic_machines/output_chest"},
		{ "predicate": { "custom_model_data": 2200017}, "model": "item/raulh22/slimefun/slimefun/basic_machines/enchanced_crafting_table"},
		{ "predicate": { "custom_model_data": 2200018}, "model": "item/raulh22/slimefun/slimefun/items/portable_dustbin"},
		{ "predicate": { "custom_model_data": 2200019}, "model": "item/raulh22/slimefun/slimefun/food/beef_jerky"},
		{ "predicate": { "custom_model_data": 2200020}, "model": "item/raulh22/slimefun/slimefun/food/pork_jerky"},
		{ "predicate": { "custom_model_data": 2200021}, "model": "item/raulh22/slimefun/slimefun/food/chicken_jerky"},
		{ "predicate": { "custom_model_data": 2200022}, "model": "item/raulh22/slimefun/slimefun/food/mutton_jerky"},
		{ "predicate": { "custom_model_data": 2200023}, "model": "item/raulh22/slimefun/slimefun/food/rabbit_jerky"},
		{ "predicate": { "custom_model_data": 2200024}, "model": "item/raulh22/slimefun/slimefun/food/fish_jerky"},
		{ "predicate": { "custom_model_data": 2200025}, "model": "item/raulh22/slimefun/slimefun/gui/kelp_cookie"},
		{ "predicate": { "custom_model_data": 2200026}, "model": "item/raulh22/slimefun/slimefun/basic_machines/grind_stone"},
		{ "predicate": { "custom_model_data": 2200027}, "model": "item/raulh22/slimefun/slimefun/basic_machines/armor_forge"},
		{ "predicate": { "custom_model_data": 2200028}, "model": "item/raulh22/slimefun/slimefun/basic_machines/ore_crusher"},
		{ "predicate": { "custom_model_data": 2200029}, "model": "item/raulh22/slimefun/slimefun/basic_machines/compressor"},
		{ "predicate": { "custom_model_data": 2200030}, "model": "item/raulh22/slimefun/slimefun/magical_items/magical_lump"},
		{ "predicate": { "custom_model_data": 2200031}, "model": "item/raulh22/slimefun/slimefun/magical_items/magical_lump2"},
		{ "predicate": { "custom_model_data": 2200032}, "model": "item/raulh22/slimefun/slimefun/magical_items/magical_lump3"},
		{ "predicate": { "custom_model_data": 2200033}, "model": "item/raulh22/slimefun/slimefun/magical_items/ender_lump"},
		{ "predicate": { "custom_model_data": 2200034}, "model": "item/raulh22/slimefun/slimefun/magical_items/ender_lump2"},
		{ "predicate": { "custom_model_data": 2200035}, "model": "item/raulh22/slimefun/slimefun/magical_items/ender_lump3"},
		{ "predicate": { "custom_model_data": 2200036}, "model": "item/raulh22/slimefun/slimefun/magical_gadgets/backpack_ender"},
		{ "predicate": { "custom_model_data": 2200037}, "model": "item/raulh22/slimefun/slimefun/none"},
		{ "predicate": { "custom_model_data": 2200038}, "model": "item/raulh22/slimefun/slimefun/none"},
		{ "predicate": { "custom_model_data": 2200039}, "model": "item/raulh22/slimefun/slimefun/none"},
		{ "predicate": { "custom_model_data": 2200040}, "model": "item/raulh22/slimefun/slimefun/none"},
		{ "predicate": { "custom_model_data": 2200041}, "model": "item/raulh22/slimefun/slimefun/magical_gadgets/magic_ender_eye"},
		{ "predicate": { "custom_model_data": 2200042}, "model": "item/raulh22/slimefun/slimefun/food/magic_sugar"},
		{ "predicate": { "custom_model_data": 2200043}, "model": "item/raulh22/slimefun/slimefun/food/monster_jerky"},
		{ "predicate": { "custom_model_data": 2200044}, "model": "item/raulh22/slimefun/slimefun/none"},
		{ "predicate": { "custom_model_data": 2200045}, "model": "item/raulh22/slimefun/slimefun/none"},
		{ "predicate": { "custom_model_data": 2200046}, "model": "item/raulh22/slimefun/slimefun/none"},
		{ "predicate": { "custom_model_data": 2200047}, "model": "item/raulh22/slimefun/slimefun/none"},
		{ "predicate": { "custom_model_data": 2200048}, "model": "item/raulh22/slimefun/slimefun/weapons/sword_of_beheading"},
		{ "predicate": { "custom_model_data": 2200049}, "model": "item/raulh22/slimefun/slimefun/magical_items/magical_book_cover"},
		{ "predicate": { "custom_model_data": 2200050}, "model": "item/raulh22/slimefun/slimefun/magical_items/magical_glass"},
		{ "predicate": { "custom_model_data": 2200051}, "model": "item/raulh22/slimefun/slimefun/technical_components/basic_board"},
		{ "predicate": { "custom_model_data": 2200052}, "model": "item/raulh22/slimefun/slimefun/technical_components/advanced_board"},
		{ "predicate": { "custom_model_data": 2200053}, "model": "item/raulh22/slimefun/slimefun/tools/gold_pan"},
		{ "predicate": { "custom_model_data": 2200054}, "model": "item/raulh22/slimefun/slimefun/tools/nether_gold_pan"},
		{ "predicate": { "custom_model_data": 2200055}, "model": "item/raulh22/slimefun/slimefun/miscellaneous/sifted_ore"},
		{ "predicate": { "custom_model_data": 2200056}, "model": "item/raulh22/slimefun/slimefun/none"},
		{ "predicate": { "custom_model_data": 2200057}, "model": "item/raulh22/slimefun/slimefun/basic_machines/smeltery"},
		{ "predicate": { "custom_model_data": 2200058}, "model": "item/raulh22/slimefun/slimefun/basic_machines/automatic_ignition_chamber"},
		{ "predicate": { "custom_model_data": 2200059}, "model": "item/raulh22/slimefun/slimefun/basic_machines/pressure_chamber"},
		{ "predicate": { "custom_model_data": 2200060}, "model": "item/raulh22/slimefun/slimefun/technical_components/battery"},
		{ "predicate": { "custom_model_data": 2200061}, "model": "item/raulh22/slimefun/slimefun/none"},
		{ "predicate": { "custom_model_data": 2200062}, "model": "item/raulh22/slimefun/slimefun/none"},
		{ "predicate": { "custom_model_data": 2200063}, "model": "item/raulh22/slimefun/slimefun/none"},
		{ "predicate": { "custom_model_data": 2200064}, "model": "item/raulh22/slimefun/slimefun/none"},
		{ "predicate": { "custom_model_data": 2200065}, "model": "item/raulh22/slimefun/slimefun/none"},
		{ "predicate": { "custom_model_data": 2200066}, "model": "item/raulh22/slimefun/slimefun/none"},
		{ "predicate": { "custom_model_data": 2200067}, "model": "item/raulh22/slimefun/slimefun/none"},
		{ "predicate": { "custom_model_data": 2200068}, "model": "item/raulh22/slimefun/slimefun/none"},
		{ "predicate": { "custom_model_data": 2200069}, "model": "item/raulh22/slimefun/slimefun/none"},
		{ "predicate": { "custom_model_data": 2200070}, "model": "item/raulh22/slimefun/slimefun/none"},
		{ "predicate": { "custom_model_data": 2200071}, "model": "item/raulh22/slimefun/slimefun/none"},
		{ "predicate": { "custom_model_data": 2200072}, "model": "item/raulh22/slimefun/slimefun/none"},
		{ "predicate": { "custom_model_data": 2200073}, "model": "item/raulh22/slimefun/slimefun/none"},
		{ "predicate": { "custom_model_data": 2200074}, "model": "item/raulh22/slimefun/slimefun/none"},
		{ "predicate": { "custom_model_data": 2200075}, "model": "item/raulh22/slimefun/slimefun/none"},
		{ "predicate": { "custom_model_data": 2200076}, "model": "item/raulh22/slimefun/slimefun/none"},
		{ "predicate": { "custom_model_data": 2200077}, "model": "item/raulh22/slimefun/slimefun/resources/ingots/reinforced_alloy"},
		{ "predicate": { "custom_model_data": 2200078}, "model": "item/raulh22/slimefun/slimefun/resources/ingots/hardened_metal"},
		{ "predicate": { "custom_model_data": 2200079}, "model": "item/raulh22/slimefun/slimefun/resources/ingots/damascus_steel_ingot"},
		{ "predicate": { "custom_model_data": 2200080}, "model": "item/raulh22/slimefun/slimefun/resources/ingots/steel_ingot"},
		{ "predicate": { "custom_model_data": 2200081}, "model": "item/raulh22/slimefun/slimefun/resources/ingots/bronze_ingot"},
		{ "predicate": { "custom_model_data": 2200082}, "model": "item/raulh22/slimefun/slimefun/resources/ingots/duralumin_ingot"},
		{ "predicate": { "custom_model_data": 2200083}, "model": "item/raulh22/slimefun/slimefun/resources/ingots/billon_ingot"},
		{ "predicate": { "custom_model_data": 2200084}, "model": "item/raulh22/slimefun/slimefun/resources/ingots/brass_ingot"},
		{ "predicate": { "custom_model_data": 2200085}, "model": "item/raulh22/slimefun/slimefun/resources/ingots/aluminum_brass_ingot"},
		{ "predicate": { "custom_model_data": 2200086}, "model": "item/raulh22/slimefun/slimefun/resources/ingots/aluminum_bronze_ingot"},
		{ "predicate": { "custom_model_data": 2200087}, "model": "item/raulh22/slimefun/slimefun/resources/ingots/corinthian_bronze_ingot"},
		{ "predicate": { "custom_model_data": 2200088}, "model": "item/raulh22/slimefun/slimefun/resources/ingots/solder_ingot"},
		{ "predicate": { "custom_model_data": 2200089}, "model": "item/raulh22/slimefun/slimefun/resources/valuables/synthetic_sapphire"},
		{ "predicate": { "custom_model_data": 2200090}, "model": "item/raulh22/slimefun/slimefun/resources/valuables/synthetic_diamond"},
		{ "predicate": { "custom_model_data": 2200091}, "model": "item/raulh22/slimefun/slimefun/resources/valuables/raw_carbon"},
		{ "predicate": { "custom_model_data": 2200092}, "model": "item/raulh22/slimefun/slimefun/resources/ingots/nickel_ingot"},
		{ "predicate": { "custom_model_data": 2200093}, "model": "item/raulh22/slimefun/slimefun/resources/ingots/cobalt_ingot"},
		{ "predicate": { "custom_model_data": 2200094}, "model": "item/raulh22/slimefun/slimefun/resources/valuables/carbonado"},
		{ "predicate": { "custom_model_data": 2200095}, "model": "item/raulh22/slimefun/slimefun/resources/ingots/ferrosilicon"},
		{ "predicate": { "custom_model_data": 2200096}, "model": "item/raulh22/slimefun/slimefun/resources/dusts/iron_dust"},
		{ "predicate": { "custom_model_data": 2200097}, "model": "item/raulh22/slimefun/slimefun/resources/dusts/gold_dust"},
		{ "predicate": { "custom_model_data": 2200098}, "model": "item/raulh22/slimefun/slimefun/resources/dusts/copper_dust"},
		{ "predicate": { "custom_model_data": 2200099}, "model": "item/raulh22/slimefun/slimefun/resources/dusts/tin_dust"},
		{ "predicate": { "custom_model_data": 2200100}, "model": "item/raulh22/slimefun/slimefun/resources/dusts/lead_dust"},
		{ "predicate": { "custom_model_data": 2200101}, "model": "item/raulh22/slimefun/slimefun/resources/dusts/silver_dust"},
		{ "predicate": { "custom_model_data": 2200102}, "model": "item/raulh22/slimefun/slimefun/resources/dusts/aluminum_dust"},
		{ "predicate": { "custom_model_data": 2200103}, "model": "item/raulh22/slimefun/slimefun/resources/dusts/zinc_dust"},
		{ "predicate": { "custom_model_data": 2200104}, "model": "item/raulh22/slimefun/slimefun/resources/dusts/magnesium_dust"},
		{ "predicate": { "custom_model_data": 2200105}, "model": "item/raulh22/slimefun/slimefun/resources/ingots/copper_ingot"},
		{ "predicate": { "custom_model_data": 2200106}, "model": "item/raulh22/slimefun/slimefun/resources/ingots/tin_ingot"},
		{ "predicate": { "custom_model_data": 2200107}, "model": "item/raulh22/slimefun/slimefun/resources/ingots/silver_ingot"},
		{ "predicate": { "custom_model_data": 2200108}, "model": "item/raulh22/slimefun/slimefun/resources/ingots/lead_ingot"},
		{ "predicate": { "custom_model_data": 2200109}, "model": "item/raulh22/slimefun/slimefun/resources/ingots/aluminum_ingot"},
		{ "predicate": { "custom_model_data": 2200110}, "model": "item/raulh22/slimefun/slimefun/resources/ingots/zinc_ingot"},
		{ "predicate": { "custom_model_data": 2200111}, "model": "item/raulh22/slimefun/slimefun/resources/ingots/magnesium_ingot"},
		{ "predicate": { "custom_model_data": 2200112}, "model": "item/raulh22/slimefun/slimefun/resources/valuables/sulfate"},
		{ "predicate": { "custom_model_data": 2200113}, "model": "item/raulh22/slimefun/slimefun/resources/valuables/carbon"},
		{ "predicate": { "custom_model_data": 2200114}, "model": "item/raulh22/slimefun/slimefun/miscellaneous/wheat_flour"},
		{ "predicate": { "custom_model_data": 2200115}, "model": "item/raulh22/slimefun/slimefun/miscellaneous/steel_plate"},
		{ "predicate": { "custom_model_data": 2200116}, "model": "item/raulh22/slimefun/slimefun/resources/valuables/compressed_carbon"},
		{ "predicate": { "custom_model_data": 2200117}, "model": "item/raulh22/slimefun/slimefun/resources/valuables/carbon_chunk"},
		{ "predicate": { "custom_model_data": 2200118}, "model": "item/raulh22/slimefun/slimefun/technical_components/steel_thruster"},
		{ "predicate": { "custom_model_data": 2200119}, "model": "item/raulh22/slimefun/slimefun/technical_components/powered_crystal"},
		{ "predicate": { "custom_model_data": 2200120}, "model": "item/raulh22/slimefun/slimefun/none"},
		{ "predicate": { "custom_model_data": 2200121}, "model": "item/raulh22/slimefun/slimefun/none"},
		{ "predicate": { "custom_model_data": 2200122}, "model": "item/raulh22/slimefun/slimefun/none"},
		{ "predicate": { "custom_model_data": 2200123}, "model": "item/raulh22/slimefun/slimefun/none"},
		{ "predicate": { "custom_model_data": 2200124}, "model": "item/raulh22/slimefun/slimefun/none"},
		{ "predicate": { "custom_model_data": 2200125}, "model": "item/raulh22/slimefun/slimefun/none"},
		{ "predicate": { "custom_model_data": 2200126}, "model": "item/raulh22/slimefun/slimefun/none"},
		{ "predicate": { "custom_model_data": 2200127}, "model": "item/raulh22/slimefun/slimefun/none"},
		{ "predicate": { "custom_model_data": 2200128}, "model": "item/raulh22/slimefun/slimefun/none"},
		{ "predicate": { "custom_model_data": 2200129}, "model": "item/raulh22/slimefun/slimefun/miscellaneous/chain"},
		{ "predicate": { "custom_model_data": 2200130}, "model": "item/raulh22/slimefun/slimefun/miscellaneous/hook"},
		{ "predicate": { "custom_model_data": 2200131}, "model": "item/raulh22/slimefun/slimefun/tools/grappling_hook"},
		{ "predicate": { "custom_model_data": 2200132}, "model": "item/raulh22/slimefun/slimefun/basic_machines/magic_workbench"},
		{ "predicate": { "custom_model_data": 2200133}, "model": "item/raulh22/slimefun/slimefun/magical_gadgets/elemental_staff"},
		{ "predicate": { "custom_model_data": 2200134}, "model": "item/raulh22/slimefun/slimefun/magical_gadgets/wind_staff"},
		{ "predicate": { "custom_model_data": 2200135}, "model": "item/raulh22/slimefun/slimefun/magical_gadgets/water_staff"},
		{ "predicate": { "custom_model_data": 2200136}, "model": "item/raulh22/slimefun/slimefun/none"},
		{ "predicate": { "custom_model_data": 2200137}, "model": "item/raulh22/slimefun/slimefun/none"},
		{ "predicate": { "custom_model_data": 2200138}, "model": "item/raulh22/slimefun/slimefun/none"},
		{ "predicate": { "custom_model_data": 2200139}, "model": "item/raulh22/slimefun/slimefun/none"},
		{ "predicate": { "custom_model_data": 2200140}, "model": "item/raulh22/slimefun/slimefun/none"},
		{ "predicate": { "custom_model_data": 2200141}, "model": "item/raulh22/slimefun/slimefun/none"},
		{ "predicate": { "custom_model_data": 2200142}, "model": "item/raulh22/slimefun/slimefun/none"},
		{ "predicate": { "custom_model_data": 2200143}, "model": "item/raulh22/slimefun/slimefun/basic_machines/ore_washer"},
		{ "predicate": { "custom_model_data": 2200144}, "model": "item/raulh22/slimefun/slimefun/resources/gold_ingots/gold_ingot_24"},
		{ "predicate": { "custom_model_data": 2200145}, "model": "item/raulh22/slimefun/slimefun/resources/gold_ingots/gold_ingot_22"},
		{ "predicate": { "custom_model_data": 2200146}, "model": "item/raulh22/slimefun/slimefun/resources/gold_ingots/gold_ingot_20"},
		{ "predicate": { "custom_model_data": 2200147}, "model": "item/raulh22/slimefun/slimefun/resources/gold_ingots/gold_ingot_18"},
		{ "predicate": { "custom_model_data": 2200148}, "model": "item/raulh22/slimefun/slimefun/resources/gold_ingots/gold_ingot_16"},
		{ "predicate": { "custom_model_data": 2200149}, "model": "item/raulh22/slimefun/slimefun/resources/gold_ingots/gold_ingot_14"},
		{ "predicate": { "custom_model_data": 2200150}, "model": "item/raulh22/slimefun/slimefun/resources/gold_ingots/gold_ingot_12"},
		{ "predicate": { "custom_model_data": 2200151}, "model": "item/raulh22/slimefun/slimefun/resources/gold_ingots/gold_ingot_10"},
		{ "predicate": { "custom_model_data": 2200152}, "model": "item/raulh22/slimefun/slimefun/resources/gold_ingots/gold_ingot_8"},
		{ "predicate": { "custom_model_data": 2200153}, "model": "item/raulh22/slimefun/slimefun/resources/gold_ingots/gold_ingot_6"},
		{ "predicate": { "custom_model_data": 2200154}, "model": "item/raulh22/slimefun/slimefun/resources/gold_ingots/gold_ingot_4"},
		{ "predicate": { "custom_model_data": 2200155}, "model": "item/raulh22/slimefun/slimefun/miscellaneous/stone_chunk"},
		{ "predicate": { "custom_model_data": 2200156}, "model": "item/raulh22/slimefun/slimefun/resources/valuables/silicon"},
		{ "predicate": { "custom_model_data": 2200157}, "model": "item/raulh22/slimefun/slimefun/none"},
		{ "predicate": { "custom_model_data": 2200158}, "model": "item/raulh22/slimefun/slimefun/none"},
		{ "predicate": { "custom_model_data": 2200159}, "model": "item/raulh22/slimefun/slimefun/magical_items/lava_crystal"},
		{ "predicate": { "custom_model_data": 2200160}, "model": "item/raulh22/slimefun/slimefun/magical_gadgets/fire_staff"},
		{ "predicate": { "custom_model_data": 2200161}, "model": "item/raulh22/slimefun/slimefun/magical_gadgets/storm_staff"},
		{ "predicate": { "custom_model_data": 2200162}, "model": "item/raulh22/slimefun/slimefun/magical_gadgets/magical_zombie_pills"},
		{ "predicate": { "custom_model_data": 2200163}, "model": "item/raulh22/slimefun/slimefun/tools/smelter_pickaxe"},
		{ "predicate": { "custom_model_data": 2200164}, "model": "item/raulh22/slimefun/slimefun/magical_items/common_talisman"},
		{ "predicate": { "custom_model_data": 2200165}, "model": "item/raulh22/slimefun/slimefun/talisman1/anvil"},
		{ "predicate": { "custom_model_data": 2200166}, "model": "item/raulh22/slimefun/slimefun/talisman2/anvil"},
		{ "predicate": { "custom_model_data": 2200167}, "model": "item/raulh22/slimefun/slimefun/talisman1/miner"},
		{ "predicate": { "custom_model_data": 2200168}, "model": "item/raulh22/slimefun/slimefun/talisman2/miner"},
		{ "predicate": { "custom_model_data": 2200169}, "model": "item/raulh22/slimefun/slimefun/talisman1/hunter"},
		{ "predicate": { "custom_model_data": 2200170}, "model": "item/raulh22/slimefun/slimefun/talisman2/hunter"},
		{ "predicate": { "custom_model_data": 2200171}, "model": "item/raulh22/slimefun/slimefun/talisman1/lava_walker"},
		{ "predicate": { "custom_model_data": 2200172}, "model": "item/raulh22/slimefun/slimefun/talisman2/lava_walker"},
		{ "predicate": { "custom_model_data": 2200173}, "model": "item/raulh22/slimefun/slimefun/talisman1/water_breather"},
		{ "predicate": { "custom_model_data": 2200174}, "model": "item/raulh22/slimefun/slimefun/talisman2/water_breather"},
		{ "predicate": { "custom_model_data": 2200175}, "model": "item/raulh22/slimefun/slimefun/talisman1/angel"},
		{ "predicate": { "custom_model_data": 2200176}, "model": "item/raulh22/slimefun/slimefun/talisman2/angel"},
		{ "predicate": { "custom_model_data": 2200177}, "model": "item/raulh22/slimefun/slimefun/talisman1/firefighter"},
		{ "predicate": { "custom_model_data": 2200178}, "model": "item/raulh22/slimefun/slimefun/talisman2/firefighter"},
		{ "predicate": { "custom_model_data": 2200179}, "model": "item/raulh22/slimefun/slimefun/talisman1/magican"},
		{ "predicate": { "custom_model_data": 2200180}, "model": "item/raulh22/slimefun/slimefun/talisman2/magican"},
		{ "predicate": { "custom_model_data": 2200181}, "model": "item/raulh22/slimefun/slimefun/talisman1/traveller"},
		{ "predicate": { "custom_model_data": 2200182}, "model": "item/raulh22/slimefun/slimefun/talisman2/traveller"},
		{ "predicate": { "custom_model_data": 2200183}, "model": "item/raulh22/slimefun/slimefun/talisman1/warrior"},
		{ "predicate": { "custom_model_data": 2200184}, "model": "item/raulh22/slimefun/slimefun/talisman2/warrior"},
		{ "predicate": { "custom_model_data": 2200185}, "model": "item/raulh22/slimefun/slimefun/talisman1/knight"},
		{ "predicate": { "custom_model_data": 2200186}, "model": "item/raulh22/slimefun/slimefun/talisman2/knight"},
		{ "predicate": { "custom_model_data": 2200187}, "model": "item/raulh22/slimefun/slimefun/resources/ingots/gilded_iron"},
		{ "predicate": { "custom_model_data": 2200188}, "model": "item/raulh22/slimefun/slimefun/resources/valuables/synthetic_emerald"},
		{ "predicate": { "custom_model_data": 2200189}, "model": "item/raulh22/slimefun/slimefun/none"},
		{ "predicate": { "custom_model_data": 2200190}, "model": "item/raulh22/slimefun/slimefun/none"},
		{ "predicate": { "custom_model_data": 2200191}, "model": "item/raulh22/slimefun/slimefun/none"},
		{ "predicate": { "custom_model_data": 2200192}, "model": "item/raulh22/slimefun/slimefun/none"},
		{ "predicate": { "custom_model_data": 2200193}, "model": "item/raulh22/slimefun/slimefun/talisman1/whirlwind"},
		{ "predicate": { "custom_model_data": 2200194}, "model": "item/raulh22/slimefun/slimefun/talisman2/whirlwind"},
		{ "predicate": { "custom_model_data": 2200195}, "model": "item/raulh22/slimefun/slimefun/talisman1/wizard"},
		{ "predicate": { "custom_model_data": 2200196}, "model": "item/raulh22/slimefun/slimefun/talisman2/wizard"},
		{ "predicate": { "custom_model_data": 2200197}, "model": "item/raulh22/slimefun/slimefun/tools/lumber_axe"},
		{ "predicate": { "custom_model_data": 2200198}, "model": "item/raulh22/slimefun/slimefun/miscellaneous/salt"},
		{ "predicate": { "custom_model_data": 2200199}, "model": "item/raulh22/slimefun/slimefun/miscellaneous/heavy_cream"},
		{ "predicate": { "custom_model_data": 2200200}, "model": "item/raulh22/slimefun/slimefun/miscellaneous/cheese"},
		{ "predicate": { "custom_model_data": 2200201}, "model": "item/raulh22/slimefun/slimefun/miscellaneous/butter"},
		{ "predicate": { "custom_model_data": 2200202}, "model": "item/raulh22/slimefun/slimefun/none"},
		{ "predicate": { "custom_model_data": 2200203}, "model": "item/raulh22/slimefun/slimefun/none"},
		{ "predicate": { "custom_model_data": 2200204}, "model": "item/raulh22/slimefun/slimefun/none"},
		{ "predicate": { "custom_model_data": 2200205}, "model": "item/raulh22/slimefun/slimefun/none"},
		{ "predicate": { "custom_model_data": 2200206}, "model": "item/raulh22/slimefun/slimefun/technical_components/reinforced_cloth"},
		{ "predicate": { "custom_model_data": 2200207}, "model": "item/raulh22/slimefun/slimefun/none"},
		{ "predicate": { "custom_model_data": 2200208}, "model": "item/raulh22/slimefun/slimefun/none"},
		{ "predicate": { "custom_model_data": 2200209}, "model": "item/raulh22/slimefun/slimefun/none"},
		{ "predicate": { "custom_model_data": 2200210}, "model": "item/raulh22/slimefun/slimefun/none"},
		{ "predicate": { "custom_model_data": 2200211}, "model": "item/raulh22/slimefun/slimefun/miscellaneous/crushed_ore"},
		{ "predicate": { "custom_model_data": 2200212}, "model": "item/raulh22/slimefun/slimefun/miscellaneous/pulverized_ore"},
		{ "predicate": { "custom_model_data": 2200213}, "model": "item/raulh22/slimefun/slimefun/miscellaneous/pure_ore_cluster"},
		{ "predicate": { "custom_model_data": 2200214}, "model": "item/raulh22/slimefun/slimefun/miscellaneous/tiny_pile_of_uranium"},
		{ "predicate": { "custom_model_data": 2200215}, "model": "item/raulh22/slimefun/slimefun/miscellaneous/small_chunk_of_uranium"},
		{ "predicate": { "custom_model_data": 2200216}, "model": "item/raulh22/slimefun/slimefun/resources/radioactive_materials/uranium"},
		{ "predicate": { "custom_model_data": 2200217}, "model": "item/raulh22/slimefun/slimefun/resources/ingots/redstone_alloy_ingot"},
		{ "predicate": { "custom_model_data": 2200218}, "model": "item/raulh22/slimefun/slimefun/none"},
		{ "predicate": { "custom_model_data": 2200219}, "model": "item/raulh22/slimefun/slimefun/none"},
		{ "predicate": { "custom_model_data": 2200220}, "model": "item/raulh22/slimefun/slimefun/none"},
		{ "predicate": { "custom_model_data": 2200221}, "model": "item/raulh22/slimefun/slimefun/none"},
		{ "predicate": { "custom_model_data": 2200222}, "model": "item/raulh22/slimefun/slimefun/miscellaneous/cloth"},
		{ "predicate": { "custom_model_data": 2200223}, "model": "item/raulh22/slimefun/slimefun/items/rag"},
		{ "predicate": { "custom_model_data": 2200224}, "model": "item/raulh22/slimefun/slimefun/items/bandage"},
		{ "predicate": { "custom_model_data": 2200225}, "model": "item/raulh22/slimefun/slimefun/items/splint"},
		{ "predicate": { "custom_model_data": 2200226}, "model": "item/raulh22/slimefun/slimefun/miscellaneous/tin_can"},
		{ "predicate": { "custom_model_data": 2200227}, "model": "item/raulh22/slimefun/slimefun/items/vitamins"},
		{ "predicate": { "custom_model_data": 2200228}, "model": "item/raulh22/slimefun/slimefun/items/medicine"},
		{ "predicate": { "custom_model_data": 2200229}, "model": "item/raulh22/slimefun/slimefun/none"},
		{ "predicate": { "custom_model_data": 2200230}, "model": "item/raulh22/slimefun/slimefun/tools/pickaxe_of_containment"},
		{ "predicate": { "custom_model_data": 2200231}, "model": "item/raulh22/slimefun/slimefun/tools/hercules_pickaxe"},
		{ "predicate": { "custom_model_data": 2200232}, "model": "item/raulh22/slimefun/slimefun/none"},
		{ "predicate": { "custom_model_data": 2200233}, "model": "item/raulh22/slimefun/slimefun/none"},
		{ "predicate": { "custom_model_data": 2200234}, "model": "item/raulh22/slimefun/slimefun/none"},
		{ "predicate": { "custom_model_data": 2200235}, "model": "item/raulh22/slimefun/slimefun/none"},
		{ "predicate": { "custom_model_data": 2200236}, "model": "item/raulh22/slimefun/slimefun/none"},
		{ "predicate": { "custom_model_data": 2200237}, "model": "item/raulh22/slimefun/slimefun/weapons/blade_of_vampires"},
		{ "predicate": { "custom_model_data": 2200238}, "model": "item/raulh22/slimefun/slimefun/miscellaneous/gold_block_carat_24"},
		{ "predicate": { "custom_model_data": 2200239}, "model": "item/raulh22/slimefun/slimefun/basic_machines/composter"},
		{ "predicate": { "custom_model_data": 2200240}, "model": "item/raulh22/slimefun/slimefun/none"},
		{ "predicate": { "custom_model_data": 2200241}, "model": "item/raulh22/slimefun/slimefun/tools/explosive_pickaxe"},
		{ "predicate": { "custom_model_data": 2200242}, "model": "item/raulh22/slimefun/slimefun/tools/explosive_shovel"},
		{ "predicate": { "custom_model_data": 2200243}, "model": "item/raulh22/slimefun/slimefun/basic_machines/automated_panning_machine"},
		{ "predicate": { "custom_model_data": 2200244}, "model": "item/raulh22/slimefun/slimefun/basic_machines/industrial_miner"},
		{ "predicate": { "custom_model_data": 2200245}, "model": "item/raulh22/slimefun/slimefun/basic_machines/advanced_industrial_miner"},
		{ "predicate": { "custom_model_data": 2200246}, "model": "item/raulh22/slimefun/slimefun/none"},
		{ "predicate": { "custom_model_data": 2200247}, "model": "item/raulh22/slimefun/slimefun/tools/seeker_pickaxe"},
		{ "predicate": { "custom_model_data": 2200248}, "model": "item/raulh22/slimefun/slimefun/items/backpack_small"},
		{ "predicate": { "custom_model_data": 2200249}, "model": "item/raulh22/slimefun/slimefun/items/backpack"},
		{ "predicate": { "custom_model_data": 2200250}, "model": "item/raulh22/slimefun/slimefun/items/backpack_large"},
		{ "predicate": { "custom_model_data": 2200251}, "model": "item/raulh22/slimefun/slimefun/items/backpack_woven"},
		{ "predicate": { "custom_model_data": 2200252}, "model": "item/raulh22/slimefun/slimefun/basic_machines/crucible"},
		{ "predicate": { "custom_model_data": 2200253}, "model": "item/raulh22/slimefun/slimefun/items/backpack_gilded"},
		{ "predicate": { "custom_model_data": 2200254}, "model": "item/raulh22/slimefun/slimefun/items/backpack_radiant"},
		{ "predicate": { "custom_model_data": 2200255}, "model": "item/raulh22/slimefun/slimefun/none"},
		{ "predicate": { "custom_model_data": 2200256}, "model": "item/raulh22/slimefun/slimefun/technical_components/magnet"},
		{ "predicate": { "custom_model_data": 2200257}, "model": "item/raulh22/slimefun/slimefun/magical_gadgets/infused_magnet"},
		{ "predicate": { "custom_model_data": 2200258}, "model": "item/raulh22/slimefun/slimefun/tools/cobalt_pickaxe"},
		{ "predicate": { "custom_model_data": 2200259}, "model": "item/raulh22/slimefun/slimefun/magical_items/necrotic_skull"},
		{ "predicate": { "custom_model_data": 2200260}, "model": "item/raulh22/slimefun/slimefun/magical_items/essence_of_afterlife"},
		{ "predicate": { "custom_model_data": 2200261}, "model": "item/raulh22/slimefun/slimefun/magical_gadgets/backpack_soulbound"},
		{ "predicate": { "custom_model_data": 2200262}, "model": "item/raulh22/slimefun/slimefun/none"},
		{ "predicate": { "custom_model_data": 2200263}, "model": "item/raulh22/slimefun/slimefun/none"},
		{ "predicate": { "custom_model_data": 2200264}, "model": "item/raulh22/slimefun/slimefun/none"},
		{ "predicate": { "custom_model_data": 2200265}, "model": "item/raulh22/slimefun/slimefun/none"},
		{ "predicate": { "custom_model_data": 2200266}, "model": "item/raulh22/slimefun/slimefun/none"},
		{ "predicate": { "custom_model_data": 2200267}, "model": "item/raulh22/slimefun/slimefun/none"},
		{ "predicate": { "custom_model_data": 2200268}, "model": "item/raulh22/slimefun/slimefun/none"},
		{ "predicate": { "custom_model_data": 2200269}, "model": "item/raulh22/slimefun/slimefun/none"},
		{ "predicate": { "custom_model_data": 2200270}, "model": "item/raulh22/slimefun/slimefun/weapons/seismic_axe"},
		{ "predicate": { "custom_model_data": 2200271}, "model": "item/raulh22/slimefun/slimefun/tools/vein_pickaxe"},
		{ "predicate": { "custom_model_data": 2200272}, "model": "item/raulh22/slimefun/slimefun/weapons/soulbound_sword"},
		{ "predicate": { "custom_model_data": 2200273}, "model": "item/raulh22/slimefun/slimefun/weapons/soulbound_trident"},
		{ "predicate": { "custom_model_data": 2200274}, "model": "item/raulh22/slimefun/slimefun/weapons/soulbound_bow/soulbound_bow"},
		{ "predicate": { "custom_model_data": 2200275}, "model": "item/raulh22/slimefun/slimefun/tools/soulbound_pickaxe"},
		{ "predicate": { "custom_model_data": 2200276}, "model": "item/raulh22/slimefun/slimefun/tools/soulbound_axe"},
		{ "predicate": { "custom_model_data": 2200277}, "model": "item/raulh22/slimefun/slimefun/tools/soulbound_shovel"},
		{ "predicate": { "custom_model_data": 2200278}, "model": "item/raulh22/slimefun/slimefun/tools/soulbound_hoe"},
		{ "predicate": { "custom_model_data": 2200279}, "model": "item/raulh22/slimefun/slimefun/none"},
		{ "predicate": { "custom_model_data": 2200280}, "model": "item/raulh22/slimefun/slimefun/none"},
		{ "predicate": { "custom_model_data": 2200281}, "model": "item/raulh22/slimefun/slimefun/none"},
		{ "predicate": { "custom_model_data": 2200282}, "model": "item/raulh22/slimefun/slimefun/none"},
		{ "predicate": { "custom_model_data": 2200283}, "model": "item/raulh22/slimefun/slimefun/basic_machines/juicer"},
		{ "predicate": { "custom_model_data": 2200284}, "model": "item/raulh22/slimefun/slimefun/food/apple_juice"},
		{ "predicate": { "custom_model_data": 2200285}, "model": "item/raulh22/slimefun/slimefun/food/carrot_juice"},
		{ "predicate": { "custom_model_data": 2200286}, "model": "item/raulh22/slimefun/slimefun/food/melon_juice"},
		{ "predicate": { "custom_model_data": 2200287}, "model": "item/raulh22/slimefun/slimefun/food/pumpkin_juice"},
		{ "predicate": { "custom_model_data": 2200288}, "model": "item/raulh22/slimefun/slimefun/food/sweet_berry_juice"},
		{ "predicate": { "custom_model_data": 2200289}, "model": "item/raulh22/slimefun/slimefun/food/golden_apple_juice"},
		{ "predicate": { "custom_model_data": 2200290}, "model": "item/raulh22/slimefun/slimefun/none"},
		{ "predicate": { "custom_model_data": 2200291}, "model": "item/raulh22/slimefun/slimefun/none"},
		{ "predicate": { "custom_model_data": 2200292}, "model": "item/raulh22/slimefun/slimefun/basic_machines/enhanced_furnace_1"},
		{ "predicate": { "custom_model_data": 2200293}, "model": "item/raulh22/slimefun/slimefun/basic_machines/enhanced_furnace_2"},
		{ "predicate": { "custom_model_data": 2200294}, "model": "item/raulh22/slimefun/slimefun/basic_machines/enhanced_furnace_3"},
		{ "predicate": { "custom_model_data": 2200295}, "model": "item/raulh22/slimefun/slimefun/basic_machines/enhanced_furnace_4"},
		{ "predicate": { "custom_model_data": 2200296}, "model": "item/raulh22/slimefun/slimefun/basic_machines/enhanced_furnace_5"},
		{ "predicate": { "custom_model_data": 2200297}, "model": "item/raulh22/slimefun/slimefun/basic_machines/enhanced_furnace_6"},
		{ "predicate": { "custom_model_data": 2200298}, "model": "item/raulh22/slimefun/slimefun/basic_machines/enhanced_furnace_7"},
		{ "predicate": { "custom_model_data": 2200299}, "model": "item/raulh22/slimefun/slimefun/basic_machines/enhanced_furnace_8"},
		{ "predicate": { "custom_model_data": 2200300}, "model": "item/raulh22/slimefun/slimefun/basic_machines/enhanced_furnace_9"},
		{ "predicate": { "custom_model_data": 2200301}, "model": "item/raulh22/slimefun/slimefun/basic_machines/enhanced_furnace_10"},
		{ "predicate": { "custom_model_data": 2200302}, "model": "item/raulh22/slimefun/slimefun/basic_machines/enhanced_furnace_11"},
		{ "predicate": { "custom_model_data": 2200303}, "model": "item/raulh22/slimefun/slimefun/basic_machines/reinforced_furnace"},
		{ "predicate": { "custom_model_data": 2200304}, "model": "item/raulh22/slimefun/slimefun/basic_machines/carbonado_edged_furnace"},
		{ "predicate": { "custom_model_data": 2200305}, "model": "item/raulh22/slimefun/slimefun/technical_components/electromagnet"},
		{ "predicate": { "custom_model_data": 2200306}, "model": "item/raulh22/slimefun/slimefun/technical_components/electric_motor"},
		{ "predicate": { "custom_model_data": 2200307}, "model": "item/raulh22/slimefun/slimefun/technical_components/heating_coil"},
		{ "predicate": { "custom_model_data": 2200308}, "model": "item/raulh22/slimefun/slimefun/technical_components/copper_wire"},
		{ "predicate": { "custom_model_data": 2200309}, "model": "item/raulh22/slimefun/slimefun/basic_machines/block_placer"},
		{ "predicate": { "custom_model_data": 2200310}, "model": "item/raulh22/slimefun/slimefun/magical_gadgets/dimensional_scroll"},
		{ "predicate": { "custom_model_data": 2200311}, "model": "item/raulh22/slimefun/slimefun/weapons/explosive_bow/explosive_bow"},
		{ "predicate": { "custom_model_data": 2200312}, "model": "item/raulh22/slimefun/slimefun/weapons/icy_bow/icy_bow"},
		{ "predicate": { "custom_model_data": 2200313}, "model": "item/raulh22/slimefun/slimefun/magical_gadgets/knowledge_tome"},
		{ "predicate": { "custom_model_data": 2200314}, "model": "item/raulh22/slimefun/slimefun/magical_gadgets/knowledge_flask"},
		{ "predicate": { "custom_model_data": 2200315}, "model": "item/raulh22/slimefun/slimefun/none"},
		{ "predicate": { "custom_model_data": 2200316}, "model": "item/christmas/milk"},
		{ "predicate": { "custom_model_data": 2200317}, "model": "item/christmas/chocolate_milk"},
		{ "predicate": { "custom_model_data": 2200318}, "model": "item/christmas/eggnog"},
		{ "predicate": { "custom_model_data": 2200319}, "model": "item/raulh22/slimefun/slimefun/none"},
		{ "predicate": { "custom_model_data": 2200320}, "model": "item/raulh22/slimefun/slimefun/none"},
		{ "predicate": { "custom_model_data": 2200321}, "model": "item/raulh22/slimefun/slimefun/none"},
		{ "predicate": { "custom_model_data": 2200322}, "model": "item/raulh22/slimefun/slimefun/none"},
		{ "predicate": { "custom_model_data": 2200323}, "model": "item/christmas/hot_chocolate"},
		{ "predicate": { "custom_model_data": 2200324}, "model": "item/raulh22/slimefun/slimefun/none"},
		{ "predicate": { "custom_model_data": 2200325}, "model": "item/raulh22/slimefun/slimefun/none"},
		{ "predicate": { "custom_model_data": 2200326}, "model": "item/raulh22/slimefun/slimefun/none"},
		{ "predicate": { "custom_model_data": 2200327}, "model": "item/raulh22/slimefun/slimefun/none"},
		{ "predicate": { "custom_model_data": 2200328}, "model": "item/raulh22/slimefun/slimefun/none"},
		{ "predicate": { "custom_model_data": 2200329}, "model": "item/raulh22/slimefun/slimefun/none"},
		{ "predicate": { "custom_model_data": 2200330}, "model": "item/raulh22/slimefun/slimefun/none"},
		{ "predicate": { "custom_model_data": 2200331}, "model": "item/raulh22/slimefun/slimefun/none"},
		{ "predicate": { "custom_model_data": 2200332}, "model": "item/raulh22/slimefun/slimefun/miscellaneous/reinforced_plate"},
		{ "predicate": { "custom_model_data": 2200333}, "model": "item/raulh22/slimefun/slimefun/technical_components/hardened_glass"},
		{ "predicate": { "custom_model_data": 2200334}, "model": "item/raulh22/slimefun/slimefun/technical_components/cooling_unit"},
		{ "predicate": { "custom_model_data": 2200335}, "model": "item/raulh22/slimefun/slimefun/items/cooler"},
		{ "predicate": { "custom_model_data": 2200336}, "model": "item/raulh22/slimefun/slimefun/technical_components/wither_proof_obsidian"},
		{ "predicate": { "custom_model_data": 2200337}, "model": "item/raulh22/slimefun/slimefun/magical_items/ancient_pedestal"},
		{ "predicate": { "custom_model_data": 2200338}, "model": "item/raulh22/slimefun/slimefun/magical_gadgets/ancient_altar"},
		{ "predicate": { "custom_model_data": 2200339}, "model": "item/raulh22/slimefun/slimefun/energy/energy_regulator"},
		{ "predicate": { "custom_model_data": 2200340}, "model": "item/raulh22/slimefun/slimefun/miscellaneous/duct_tape"},
		{ "predicate": { "custom_model_data": 2200341}, "model": "item/raulh22/slimefun/slimefun/energy/small_energy_capacitor"},
		{ "predicate": { "custom_model_data": 2200342}, "model": "item/raulh22/slimefun/slimefun/energy/medium_energy_capacitor"},
		{ "predicate": { "custom_model_data": 2200343}, "model": "item/raulh22/slimefun/slimefun/energy/big_energy_capacitor"},
		{ "predicate": { "custom_model_data": 2200344}, "model": "item/raulh22/slimefun/slimefun/energy/large_energy_capacitor"},
		{ "predicate": { "custom_model_data": 2200345}, "model": "item/raulh22/slimefun/slimefun/energy/carbonado_edged_energy_capacitor"},
		{ "predicate": { "custom_model_data": 2200346}, "model": "item/raulh22/slimefun/slimefun/none"},
		{ "predicate": { "custom_model_data": 2200347}, "model": "item/raulh22/slimefun/slimefun/none"},
		{ "predicate": { "custom_model_data": 2200348}, "model": "item/raulh22/slimefun/slimefun/none"},
		{ "predicate": { "custom_model_data": 2200349}, "model": "item/raulh22/slimefun/slimefun/none"},
		{ "predicate": { "custom_model_data": 2200350}, "model": "item/raulh22/slimefun/slimefun/energy/charging_bench"},
		{ "predicate": { "custom_model_data": 2200351}, "model": "item/raulh22/slimefun/slimefun/energy/electric_furnace"},
		{ "predicate": { "custom_model_data": 2200352}, "model": "item/raulh22/slimefun/slimefun/energy/electric_furnace2"},
		{ "predicate": { "custom_model_data": 2200353}, "model": "item/raulh22/slimefun/slimefun/energy/electric_furnace3"},
		{ "predicate": { "custom_model_data": 2200354}, "model": "item/raulh22/slimefun/slimefun/none"},
		{ "predicate": { "custom_model_data": 2200355}, "model": "item/raulh22/slimefun/slimefun/none"},
		{ "predicate": { "custom_model_data": 2200356}, "model": "item/raulh22/slimefun/slimefun/none"},
		{ "predicate": { "custom_model_data": 2200357}, "model": "item/raulh22/slimefun/slimefun/none"},
		{ "predicate": { "custom_model_data": 2200358}, "model": "item/raulh22/slimefun/slimefun/none"},
		{ "predicate": { "custom_model_data": 2200359}, "model": "item/raulh22/slimefun/slimefun/none"},
		{ "predicate": { "custom_model_data": 2200360}, "model": "item/raulh22/slimefun/slimefun/none"},
		{ "predicate": { "custom_model_data": 2200361}, "model": "item/raulh22/slimefun/slimefun/none"},
		{ "predicate": { "custom_model_data": 2200362}, "model": "item/raulh22/slimefun/slimefun/none"},
		{ "predicate": { "custom_model_data": 2200363}, "model": "item/raulh22/slimefun/slimefun/none"},
		{ "predicate": { "custom_model_data": 2200364}, "model": "item/raulh22/slimefun/slimefun/none"},
		{ "predicate": { "custom_model_data": 2200365}, "model": "item/raulh22/slimefun/slimefun/none"},
		{ "predicate": { "custom_model_data": 2200366}, "model": "item/raulh22/slimefun/slimefun/energy/electric_ore_grinder"},
		{ "predicate": { "custom_model_data": 2200367}, "model": "item/raulh22/slimefun/slimefun/energy/electric_ore_grinder2"},
		{ "predicate": { "custom_model_data": 2200368}, "model": "item/raulh22/slimefun/slimefun/energy/heated_pressure_chamber"},
		{ "predicate": { "custom_model_data": 2200369}, "model": "item/raulh22/slimefun/slimefun/energy/heated_pressure_chamber2"},
		{ "predicate": { "custom_model_data": 2200370}, "model": "item/raulh22/slimefun/slimefun/energy/electric_ingot_pulverizer"},
		{ "predicate": { "custom_model_data": 2200371}, "model": "item/raulh22/slimefun/slimefun/energy/coal_generator"},
		{ "predicate": { "custom_model_data": 2200372}, "model": "item/raulh22/slimefun/slimefun/energy/coal_generator2"},
		{ "predicate": { "custom_model_data": 2200373}, "model": "item/raulh22/slimefun/slimefun/none"},
		{ "predicate": { "custom_model_data": 2200374}, "model": "item/raulh22/slimefun/slimefun/none"},
		{ "predicate": { "custom_model_data": 2200375}, "model": "item/raulh22/slimefun/slimefun/none"},
		{ "predicate": { "custom_model_data": 2200376}, "model": "item/raulh22/slimefun/slimefun/energy/electric_press"},
		{ "predicate": { "custom_model_data": 2200377}, "model": "item/raulh22/slimefun/slimefun/energy/electric_press2"},
		{ "predicate": { "custom_model_data": 2200378}, "model": "item/raulh22/slimefun/slimefun/resources/valuables/magnesium_salt"},
		{ "predicate": { "custom_model_data": 2200379}, "model": "item/raulh22/slimefun/slimefun/energy/magnesium_generator"},
		{ "predicate": { "custom_model_data": 2200380}, "model": "item/raulh22/slimefun/slimefun/energy/auto_enchanter"},
		{ "predicate": { "custom_model_data": 2200381}, "model": "item/raulh22/slimefun/slimefun/energy/auto_disenchanter"},
		{ "predicate": { "custom_model_data": 2200382}, "model": "item/raulh22/slimefun/slimefun/none"},
		{ "predicate": { "custom_model_data": 2200383}, "model": "item/raulh22/slimefun/slimefun/none"},
		{ "predicate": { "custom_model_data": 2200384}, "model": "item/raulh22/slimefun/slimefun/none"},
		{ "predicate": { "custom_model_data": 2200385}, "model": "item/raulh22/slimefun/slimefun/technical_components/plastic_sheet"},
		{ "predicate": { "custom_model_data": 2200386}, "model": "item/raulh22/slimefun/slimefun/technical_components/android_memory_core"},
		{ "predicate": { "custom_model_data": 2200387}, "model": "item/raulh22/slimefun/slimefun/gps/gps_transmitter"},
		{ "predicate": { "custom_model_data": 2200388}, "model": "item/raulh22/slimefun/slimefun/gps/gps_transmitter_advanced"},
		{ "predicate": { "custom_model_data": 2200389}, "model": "item/raulh22/slimefun/slimefun/gps/gps_transmitter_carbonado"},
		{ "predicate": { "custom_model_data": 2200390}, "model": "item/raulh22/slimefun/slimefun/gps/gps_transmitter_energized"},
		{ "predicate": { "custom_model_data": 2200391}, "model": "item/raulh22/slimefun/slimefun/gps/gps_control_panel"},
		{ "predicate": { "custom_model_data": 2200392}, "model": "item/raulh22/slimefun/slimefun/none"},
		{ "predicate": { "custom_model_data": 2200393}, "model": "item/raulh22/slimefun/slimefun/gps/gps_emergency_transmitter"},
		{ "predicate": { "custom_model_data": 2200394}, "model": "item/raulh22/slimefun/slimefun/android/interface_items"},
		{ "predicate": { "custom_model_data": 2200395}, "model": "item/raulh22/slimefun/slimefun/android/interface_fuel"},
		{ "predicate": { "custom_model_data": 2200396}, "model": "item/raulh22/slimefun/slimefun/android/normal"},
		{ "predicate": { "custom_model_data": 2200397}, "model": "item/raulh22/slimefun/slimefun/android/miner"},
		{ "predicate": { "custom_model_data": 2200398}, "model": "item/raulh22/slimefun/slimefun/android/farmer"},
		{ "predicate": { "custom_model_data": 2200399}, "model": "item/raulh22/slimefun/slimefun/android/woodcutter"},
		{ "predicate": { "custom_model_data": 2200400}, "model": "item/raulh22/slimefun/slimefun/android/fisherman"},
		{ "predicate": { "custom_model_data": 2200401}, "model": "item/raulh22/slimefun/slimefun/android/butcher"},
		{ "predicate": { "custom_model_data": 2200402}, "model": "item/raulh22/slimefun/slimefun/android2/normal"},
		{ "predicate": { "custom_model_data": 2200403}, "model": "item/raulh22/slimefun/slimefun/android2/fisherman"},
		{ "predicate": { "custom_model_data": 2200404}, "model": "item/raulh22/slimefun/slimefun/android2/butcher"},
		{ "predicate": { "custom_model_data": 2200405}, "model": "item/raulh22/slimefun/slimefun/android2/farmer"},
		{ "predicate": { "custom_model_data": 2200406}, "model": "item/raulh22/slimefun/slimefun/android3/normal"},
		{ "predicate": { "custom_model_data": 2200407}, "model": "item/raulh22/slimefun/slimefun/android3/fisherman"},
		{ "predicate": { "custom_model_data": 2200408}, "model": "item/raulh22/slimefun/slimefun/android3/butcher"},
		{ "predicate": { "custom_model_data": 2200409}, "model": "item/raulh22/slimefun/slimefun/magical_items/rune_blank"},
		{ "predicate": { "custom_model_data": 2200410}, "model": "item/raulh22/slimefun/slimefun/magical_items/rune_air"},
		{ "predicate": { "custom_model_data": 2200411}, "model": "item/raulh22/slimefun/slimefun/magical_items/rune_earth"},
		{ "predicate": { "custom_model_data": 2200412}, "model": "item/raulh22/slimefun/slimefun/magical_items/rune_fire"},
		{ "predicate": { "custom_model_data": 2200413}, "model": "item/raulh22/slimefun/slimefun/magical_items/rune_water"},
		{ "predicate": { "custom_model_data": 2200414}, "model": "item/raulh22/slimefun/slimefun/magical_items/rune_ender"},
		{ "predicate": { "custom_model_data": 2200415}, "model": "item/raulh22/slimefun/slimefun/magical_items/rune_lightning"},
		{ "predicate": { "custom_model_data": 2200416}, "model": "item/raulh22/slimefun/slimefun/magical_items/rune_rainbow"},
		{ "predicate": { "custom_model_data": 2200417}, "model": "item/raulh22/slimefun/slimefun/magical_items/rune_soulbound"},
		{ "predicate": { "custom_model_data": 2200418}, "model": "item/raulh22/slimefun/slimefun/magical_items/rune_enchantment"},
		{ "predicate": { "custom_model_data": 2200419}, "model": "item/raulh22/slimefun/slimefun/magical_gadgets/infernal_bonemeal"},
		{ "predicate": { "custom_model_data": 2200420}, "model": "item/raulh22/slimefun/slimefun/magical_gadgets/elytra_scale"},
		{ "predicate": { "custom_model_data": 2200421}, "model": "item/raulh22/slimefun/slimefun/none"},
		{ "predicate": { "custom_model_data": 2200422}, "model": "item/raulh22/slimefun/slimefun/none"},
		{ "predicate": { "custom_model_data": 2200423}, "model": "item/raulh22/slimefun/slimefun/none"},
		{ "predicate": { "custom_model_data": 2200424}, "model": "item/raulh22/slimefun/slimefun/none"},
		{ "predicate": { "custom_model_data": 2200425}, "model": "item/raulh22/slimefun/slimefun/magical_gadgets/rainbow_wool"},
		{ "predicate": { "custom_model_data": 2200426}, "model": "item/raulh22/slimefun/slimefun/magical_gadgets/rainbow_glass"},
		{ "predicate": { "custom_model_data": 2200427}, "model": "item/raulh22/slimefun/slimefun/magical_gadgets/rainbow_glass_pane"},
		{ "predicate": { "custom_model_data": 2200428}, "model": "item/raulh22/slimefun/slimefun/magical_gadgets/rainbow_clay"},
		{ "predicate": { "custom_model_data": 2200429}, "model": "item/raulh22/slimefun/slimefun/magical_gadgets/rainbow_concrete"},
		{ "predicate": { "custom_model_data": 2200430}, "model": "item/raulh22/slimefun/slimefun/magical_gadgets/rainbow_glazed_terracotta"},
		{ "predicate": { "custom_model_data": 2200431}, "model": "item/raulh22/slimefun/slimefun/none"},
		{ "predicate": { "custom_model_data": 2200432}, "model": "item/raulh22/slimefun/slimefun/none"},
		{ "predicate": { "custom_model_data": 2200433}, "model": "item/raulh22/slimefun/slimefun/none"},
		{ "predicate": { "custom_model_data": 2200434}, "model": "item/raulh22/slimefun/slimefun/none"},
		{ "predicate": { "custom_model_data": 2200435}, "model": "item/raulh22/slimefun/slimefun/none"},
		{ "predicate": { "custom_model_data": 2200436}, "model": "item/raulh22/slimefun/slimefun/none"},
		{ "predicate": { "custom_model_data": 2200437}, "model": "item/raulh22/slimefun/slimefun/none"},
		{ "predicate": { "custom_model_data": 2200438}, "model": "item/raulh22/slimefun/slimefun/none"},
		{ "predicate": { "custom_model_data": 2200439}, "model": "item/raulh22/slimefun/slimefun/none"},
		{ "predicate": { "custom_model_data": 2200440}, "model": "item/raulh22/slimefun/slimefun/none"},
		{ "predicate": { "custom_model_data": 2200441}, "model": "item/raulh22/slimefun/slimefun/none"},
		{ "predicate": { "custom_model_data": 2200442}, "model": "item/raulh22/slimefun/slimefun/none"},
		{ "predicate": { "custom_model_data": 2200443}, "model": "item/raulh22/slimefun/slimefun/none"},
		{ "predicate": { "custom_model_data": 2200444}, "model": "item/raulh22/slimefun/slimefun/none"},
		{ "predicate": { "custom_model_data": 2200445}, "model": "item/raulh22/slimefun/slimefun/none"},
		{ "predicate": { "custom_model_data": 2200446}, "model": "item/raulh22/slimefun/slimefun/none"},
		{ "predicate": { "custom_model_data": 2200447}, "model": "item/raulh22/slimefun/slimefun/none"},
		{ "predicate": { "custom_model_data": 2200448}, "model": "item/raulh22/slimefun/slimefun/none"},
		{ "predicate": { "custom_model_data": 2200449}, "model": "item/raulh22/slimefun/slimefun/technical_components/wither_proof_glass"},
		{ "predicate": { "custom_model_data": 2200450}, "model": "item/raulh22/slimefun/slimefun/gps/gps_geo_scanner"},
		{ "predicate": { "custom_model_data": 2200451}, "model": "item/raulh22/slimefun/slimefun/none"},
		{ "predicate": { "custom_model_data": 2200452}, "model": "item/raulh22/slimefun/slimefun/gps/oil_pump"},
		{ "predicate": { "custom_model_data": 2200453}, "model": "item/raulh22/slimefun/slimefun/gps/geo_miner"},
		{ "predicate": { "custom_model_data": 2200454}, "model": "item/raulh22/slimefun/slimefun/resources/fuel/oil"},
		{ "predicate": { "custom_model_data": 2200455}, "model": "item/raulh22/slimefun/slimefun/resources/fuel/fuel"},
		{ "predicate": { "custom_model_data": 2200456}, "model": "item/raulh22/slimefun/slimefun/resources/valuables/nether_ice"},
		{ "predicate": { "custom_model_data": 2200457}, "model": "item/raulh22/slimefun/slimefun/energy/refinery"},
		{ "predicate": { "custom_model_data": 2200458}, "model": "item/raulh22/slimefun/slimefun/energy/lava_generator"},
		{ "predicate": { "custom_model_data": 2200459}, "model": "item/raulh22/slimefun/slimefun/energy/lava_generator2"},
		{ "predicate": { "custom_model_data": 2200460}, "model": "item/raulh22/slimefun/slimefun/energy/combustion_reactor"},
		{ "predicate": { "custom_model_data": 2200461}, "model": "item/raulh22/slimefun/slimefun/gps/teleporter_pylon"},
		{ "predicate": { "custom_model_data": 2200462}, "model": "item/raulh22/slimefun/slimefun/none"},
		{ "predicate": { "custom_model_data": 2200463}, "model": "item/raulh22/slimefun/slimefun/none"},
		{ "predicate": { "custom_model_data": 2200464}, "model": "item/raulh22/slimefun/slimefun/none"},
		{ "predicate": { "custom_model_data": 2200465}, "model": "item/raulh22/slimefun/slimefun/magical_gadgets/infused_hopper"},
		{ "predicate": { "custom_model_data": 2200466}, "model": "item/raulh22/slimefun/slimefun/resources/radioactive_materials/blistering_ingot_33"},
		{ "predicate": { "custom_model_data": 2200467}, "model": "item/raulh22/slimefun/slimefun/resources/radioactive_materials/blistering_ingot_66"},
		{ "predicate": { "custom_model_data": 2200468}, "model": "item/raulh22/slimefun/slimefun/resources/radioactive_materials/blistering_ingot_100"},
		{ "predicate": { "custom_model_data": 2200469}, "model": "item/raulh22/slimefun/slimefun/resources/valuables/enriched_nether_ice"},
		{ "predicate": { "custom_model_data": 2200470}, "model": "item/raulh22/slimefun/slimefun/none"},
		{ "predicate": { "custom_model_data": 2200471}, "model": "item/raulh22/slimefun/slimefun/none"},
		{ "predicate": { "custom_model_data": 2200472}, "model": "item/raulh22/slimefun/slimefun/none"},
		{ "predicate": { "custom_model_data": 2200473}, "model": "item/raulh22/slimefun/slimefun/miscellaneous/organic_food/wheat"},
		{ "predicate": { "custom_model_data": 2200474}, "model": "item/raulh22/slimefun/slimefun/miscellaneous/organic_food/carrots"},
		{ "predicate": { "custom_model_data": 2200475}, "model": "item/raulh22/slimefun/slimefun/miscellaneous/organic_food/potatoes"},
		{ "predicate": { "custom_model_data": 2200476}, "model": "item/raulh22/slimefun/slimefun/miscellaneous/organic_food/seeds"},
		{ "predicate": { "custom_model_data": 2200477}, "model": "item/raulh22/slimefun/slimefun/miscellaneous/organic_food/beetroot"},
		{ "predicate": { "custom_model_data": 2200478}, "model": "item/raulh22/slimefun/slimefun/miscellaneous/organic_food/melon"},
		{ "predicate": { "custom_model_data": 2200479}, "model": "item/raulh22/slimefun/slimefun/miscellaneous/organic_food/apple"},
		{ "predicate": { "custom_model_data": 2200480}, "model": "item/raulh22/slimefun/slimefun/miscellaneous/organic_food/sweet_berries"},
		{ "predicate": { "custom_model_data": 2200481}, "model": "item/raulh22/slimefun/slimefun/miscellaneous/organic_food/dried_kelp"},
		{ "predicate": { "custom_model_data": 2200482}, "model": "item/raulh22/slimefun/slimefun/miscellaneous/organic_food/cocoa_beans"},
		{ "predicate": { "custom_model_data": 2200483}, "model": "item/raulh22/slimefun/slimefun/none"},
		{ "predicate": { "custom_model_data": 2200484}, "model": "item/raulh22/slimefun/slimefun/none"},
		{ "predicate": { "custom_model_data": 2200485}, "model": "item/raulh22/slimefun/slimefun/none"},
		{ "predicate": { "custom_model_data": 2200486}, "model": "item/raulh22/slimefun/slimefun/energy/exp_collector"},
		{ "predicate": { "custom_model_data": 2200487}, "model": "item/raulh22/slimefun/slimefun/none"},
		{ "predicate": { "custom_model_data": 2200488}, "model": "item/raulh22/slimefun/slimefun/none"},
		{ "predicate": { "custom_model_data": 2200489}, "model": "item/raulh22/slimefun/slimefun/miscellaneous/organic_fertilizer/wheat"},
		{ "predicate": { "custom_model_data": 2200490}, "model": "item/raulh22/slimefun/slimefun/miscellaneous/organic_fertilizer/carrots"},
		{ "predicate": { "custom_model_data": 2200491}, "model": "item/raulh22/slimefun/slimefun/miscellaneous/organic_fertilizer/potatoes"},
		{ "predicate": { "custom_model_data": 2200492}, "model": "item/raulh22/slimefun/slimefun/miscellaneous/organic_fertilizer/seeds"},
		{ "predicate": { "custom_model_data": 2200493}, "model": "item/raulh22/slimefun/slimefun/miscellaneous/organic_fertilizer/beetroot"},
		{ "predicate": { "custom_model_data": 2200494}, "model": "item/raulh22/slimefun/slimefun/miscellaneous/organic_fertilizer/melon"},
		{ "predicate": { "custom_model_data": 2200495}, "model": "item/raulh22/slimefun/slimefun/miscellaneous/organic_fertilizer/apple"},
		{ "predicate": { "custom_model_data": 2200496}, "model": "item/raulh22/slimefun/slimefun/miscellaneous/organic_fertilizer/sweet_berries"},
		{ "predicate": { "custom_model_data": 2200497}, "model": "item/raulh22/slimefun/slimefun/miscellaneous/organic_fertilizer/dried_kelp"},
		{ "predicate": { "custom_model_data": 2200498}, "model": "item/raulh22/slimefun/slimefun/miscellaneous/organic_fertilizer/cocoa_beans"},
		{ "predicate": { "custom_model_data": 2200499}, "model": "item/raulh22/slimefun/slimefun/none"},
		{ "predicate": { "custom_model_data": 2200500}, "model": "item/raulh22/slimefun/slimefun/none"},
		{ "predicate": { "custom_model_data": 2200501}, "model": "item/raulh22/slimefun/slimefun/none"},
		{ "predicate": { "custom_model_data": 2200502}, "model": "item/raulh22/slimefun/slimefun/none"},
		{ "predicate": { "custom_model_data": 2200503}, "model": "item/raulh22/slimefun/slimefun/technical_components/reactor_coolant_cell"},
		{ "predicate": { "custom_model_data": 2200504}, "model": "item/raulh22/slimefun/slimefun/technical_components/nether_ice_coolant_cell"},
		{ "predicate": { "custom_model_data": 2200505}, "model": "item/raulh22/slimefun/slimefun/resources/radioactive_materials/neptunium"},
		{ "predicate": { "custom_model_data": 2200506}, "model": "item/raulh22/slimefun/slimefun/resources/radioactive_materials/plutonium"},
		{ "predicate": { "custom_model_data": 2200507}, "model": "item/raulh22/slimefun/slimefun/resources/radioactive_materials/boosted_uranium"},
		{ "predicate": { "custom_model_data": 2200508}, "model": "item/raulh22/slimefun/slimefun/energy/nuclear_reactor"},
		{ "predicate": { "custom_model_data": 2200509}, "model": "item/raulh22/slimefun/slimefun/energy/nether_star_reactor"},
		{ "predicate": { "custom_model_data": 2200510}, "model": "item/raulh22/slimefun/slimefun/cargo/motor"},
		{ "predicate": { "custom_model_data": 2200511}, "model": "item/raulh22/slimefun/slimefun/cargo/manager"},
		{ "predicate": { "custom_model_data": 2200512}, "model": "item/raulh22/slimefun/slimefun/cargo/connector"},
		{ "predicate": { "custom_model_data": 2200513}, "model": "item/raulh22/slimefun/slimefun/cargo/input"},
		{ "predicate": { "custom_model_data": 2200514}, "model": "item/raulh22/slimefun/slimefun/cargo/output"},
		{ "predicate": { "custom_model_data": 2200515}, "model": "item/raulh22/slimefun/slimefun/cargo/output2"},
		{ "predicate": { "custom_model_data": 2200516}, "model": "item/raulh22/slimefun/slimefun/energy/automated_crafting_chamber"},
		{ "predicate": { "custom_model_data": 2200517}, "model": "item/raulh22/slimefun/slimefun/none"},
		{ "predicate": { "custom_model_data": 2200518}, "model": "item/raulh22/slimefun/slimefun/none"},
		{ "predicate": { "custom_model_data": 2200519}, "model": "item/raulh22/slimefun/slimefun/cargo/trash"},
		{ "predicate": { "custom_model_data": 2200520}, "model": "item/raulh22/slimefun/slimefun/none"},
		{ "predicate": { "custom_model_data": 2200521}, "model": "item/raulh22/slimefun/slimefun/none"},
		{ "predicate": { "custom_model_data": 2200522}, "model": "item/raulh22/slimefun/slimefun/none"},
		{ "predicate": { "custom_model_data": 2200523}, "model": "item/raulh22/slimefun/slimefun/energy/electric_smeltery"},
		{ "predicate": { "custom_model_data": 2200524}, "model": "item/raulh22/slimefun/slimefun/energy/electric_smeltery2"},
		{ "predicate": { "custom_model_data": 2200525}, "model": "item/raulh22/slimefun/slimefun/none"},
		{ "predicate": { "custom_model_data": 2200526}, "model": "item/raulh22/slimefun/slimefun/energy/wither_assembler"},
		{ "predicate": { "custom_model_data": 2200527}, "model": "item/raulh22/slimefun/slimefun/items/tape_measure"},
		{ "predicate": { "custom_model_data": 2200528}, "model": "item/raulh22/slimefun/slimefun/none"},
		{ "predicate": { "custom_model_data": 2200529}, "model": "item/raulh22/slimefun/slimefun/none"},
		{ "predicate": { "custom_model_data": 2200530}, "model": "item/raulh22/slimefun/slimefun/none"},
		{ "predicate": { "custom_model_data": 2200531}, "model": "item/raulh22/slimefun/slimefun/none"},
		{ "predicate": { "custom_model_data": 2200532}, "model": "item/raulh22/slimefun/slimefun/none"},
		{ "predicate": { "custom_model_data": 2200533}, "model": "item/raulh22/slimefun/slimefun/none"},
		{ "predicate": { "custom_model_data": 2200534}, "model": "item/raulh22/slimefun/slimefun/none"},
		{ "predicate": { "custom_model_data": 2200535}, "model": "item/raulh22/slimefun/slimefun/none"},
		{ "predicate": { "custom_model_data": 2200536}, "model": "item/raulh22/slimefun/slimefun/none"},
		{ "predicate": { "custom_model_data": 2200537}, "model": "item/raulh22/slimefun/slimefun/none"},
		{ "predicate": { "custom_model_data": 2200538}, "model": "item/raulh22/slimefun/slimefun/none"},
		{ "predicate": { "custom_model_data": 2200539}, "model": "item/raulh22/slimefun/slimefun/none"},
		{ "predicate": { "custom_model_data": 2200540}, "model": "item/raulh22/slimefun/slimefun/none"},
		{ "predicate": { "custom_model_data": 2200541}, "model": "item/raulh22/slimefun/slimefun/none"},
		{ "predicate": { "custom_model_data": 2200542}, "model": "item/raulh22/slimefun/slimefun/none"},
		{ "predicate": { "custom_model_data": 2200543}, "model": "item/raulh22/slimefun/slimefun/none"},
		{ "predicate": { "custom_model_data": 2200544}, "model": "item/raulh22/slimefun/slimefun/none"},
		{ "predicate": { "custom_model_data": 2200545}, "model": "item/raulh22/slimefun/slimefun/none"},
		{ "predicate": { "custom_model_data": 2200546}, "model": "item/raulh22/slimefun/slimefun/none"},
		{ "predicate": { "custom_model_data": 2200547}, "model": "item/raulh22/slimefun/slimefun/none"},
		{ "predicate": { "custom_model_data": 2200548}, "model": "item/raulh22/slimefun/slimefun/none"},
		{ "predicate": { "custom_model_data": 2200549}, "model": "item/raulh22/slimefun/slimefun/none"},
		{ "predicate": { "custom_model_data": 2200550}, "model": "item/raulh22/slimefun/slimefun/none"},
		{ "predicate": { "custom_model_data": 2200551}, "model": "item/raulh22/slimefun/slimefun/none"},
		{ "predicate": { "custom_model_data": 2200552}, "model": "item/raulh22/slimefun/slimefun/none"},
		{ "predicate": { "custom_model_data": 2200553}, "model": "item/raulh22/slimefun/slimefun/none"},
		{ "predicate": { "custom_model_data": 2200554}, "model": "item/raulh22/slimefun/slimefun/none"},
		{ "predicate": { "custom_model_data": 2200555}, "model": "item/raulh22/slimefun/slimefun/none"},
		{ "predicate": { "custom_model_data": 2200556}, "model": "item/raulh22/slimefun/slimefun/none"},
		{ "predicate": { "custom_model_data": 2200557}, "model": "item/raulh22/slimefun/slimefun/none"},
		{ "predicate": { "custom_model_data": 2200558}, "model": "item/raulh22/slimefun/slimefun/none"},
		{ "predicate": { "custom_model_data": 2200559}, "model": "item/raulh22/slimefun/slimefun/none"},
		{ "predicate": { "custom_model_data": 2200560}, "model": "item/raulh22/slimefun/slimefun/none"},
		{ "predicate": { "custom_model_data": 2200561}, "model": "item/raulh22/slimefun/slimefun/none"},
		{ "predicate": { "custom_model_data": 2200562}, "model": "item/raulh22/slimefun/slimefun/none"},
		{ "predicate": { "custom_model_data": 2200563}, "model": "item/raulh22/slimefun/slimefun/none"},
		{ "predicate": { "custom_model_data": 2200564}, "model": "item/raulh22/slimefun/slimefun/none"},
		{ "predicate": { "custom_model_data": 2200565}, "model": "item/raulh22/slimefun/slimefun/none"},
		{ "predicate": { "custom_model_data": 2200566}, "model": "item/raulh22/slimefun/slimefun/none"},
		{ "predicate": { "custom_model_data": 2200567}, "model": "item/raulh22/slimefun/slimefun/none"},
		{ "predicate": { "custom_model_data": 2200568}, "model": "item/raulh22/slimefun/slimefun/none"},
		{ "predicate": { "custom_model_data": 2200569}, "model": "item/raulh22/slimefun/slimefun/none"},
		{ "predicate": { "custom_model_data": 2200570}, "model": "item/raulh22/slimefun/slimefun/none"},
		{ "predicate": { "custom_model_data": 2200571}, "model": "item/raulh22/slimefun/slimefun/none"},
		{ "predicate": { "custom_model_data": 2200572}, "model": "item/raulh22/slimefun/slimefun/none"},
		{ "predicate": { "custom_model_data": 2200573}, "model": "item/raulh22/slimefun/slimefun/none"},
		{ "predicate": { "custom_model_data": 2200574}, "model": "item/raulh22/slimefun/slimefun/none"},
		{ "predicate": { "custom_model_data": 2200575}, "model": "item/raulh22/slimefun/slimefun/none"},
		{ "predicate": { "custom_model_data": 2200576}, "model": "item/raulh22/slimefun/slimefun/none"},
		{ "predicate": { "custom_model_data": 2200577}, "model": "item/raulh22/slimefun/slimefun/none"},
		{ "predicate": { "custom_model_data": 2200578}, "model": "item/raulh22/slimefun/slimefun/none"},
		{ "predicate": { "custom_model_data": 2200579}, "model": "item/raulh22/slimefun/slimefun/none"},
		{ "predicate": { "custom_model_data": 2200580}, "model": "item/raulh22/slimefun/slimefun/none"},
		{ "predicate": { "custom_model_data": 2200581}, "model": "item/raulh22/slimefun/slimefun/none"},
		{ "predicate": { "custom_model_data": 2200582}, "model": "item/raulh22/slimefun/slimefun/none"},
		{ "predicate": { "custom_model_data": 2200583}, "model": "item/raulh22/slimefun/slimefun/none"},
		{ "predicate": { "custom_model_data": 2200584}, "model": "item/raulh22/slimefun/slimefun/none"},
		{ "predicate": { "custom_model_data": 2200585}, "model": "item/raulh22/slimefun/slimefun/none"},
		{ "predicate": { "custom_model_data": 2200586}, "model": "item/raulh22/slimefun/slimefun/none"},
		{ "predicate": { "custom_model_data": 2200587}, "model": "item/raulh22/slimefun/slimefun/none"},
		{ "predicate": { "custom_model_data": 2200588}, "model": "item/raulh22/slimefun/slimefun/none"},
		{ "predicate": { "custom_model_data": 2200589}, "model": "item/raulh22/slimefun/slimefun/none"},
		{ "predicate": { "custom_model_data": 2200590}, "model": "item/raulh22/slimefun/slimefun/none"},
		{ "predicate": { "custom_model_data": 2200591}, "model": "item/raulh22/slimefun/slimefun/none"},
		{ "predicate": { "custom_model_data": 2200592}, "model": "item/raulh22/slimefun/slimefun/none"},
		{ "predicate": { "custom_model_data": 2200593}, "model": "item/raulh22/slimefun/slimefun/none"},
		{ "predicate": { "custom_model_data": 2200594}, "model": "item/raulh22/slimefun/slimefun/none"},
		{ "predicate": { "custom_model_data": 2200595}, "model": "item/raulh22/slimefun/slimefun/none"},
		{ "predicate": { "custom_model_data": 2200596}, "model": "item/raulh22/slimefun/slimefun/none"},
		{ "predicate": { "custom_model_data": 2200597}, "model": "item/raulh22/slimefun/slimefun/none"},
		{ "predicate": { "custom_model_data": 2200598}, "model": "item/raulh22/slimefun/slimefun/none"},
		{ "predicate": { "custom_model_data": 2200599}, "model": "item/raulh22/slimefun/slimefun/none"},
		{ "predicate": { "custom_model_data": 2200600}, "model": "item/raulh22/slimefun/slimefun/none"}

	]
}