{
	"credit": "Made with Blockbench",
	"textures": {
		"1": "blocks/greyf",
		"2": "blocks/greyd",
		"3": "blocks/greyc",
		"4": "blocks/black",
		"10": "blocks/spribrown",
		"particle": "blocks/brown"
	},
	"elements": [
		{
			"from": [7.3, 7.90858, 11.2],
			"to": [7.7, 8.30858, 13.5],
			"rotation": {"angle": 45, "axis": "z", "origin": [7.5, 8.10858, 12.35]},
			"faces": {
				"north": {"uv": [16, 0, 0, 16], "texture": "#3"},
				"east": {"uv": [16, 0, 0, 16], "texture": "#3"},
				"south": {"uv": [16, 0, 0, 16], "texture": "#3"},
				"west": {"uv": [16, 0, 0, 16], "texture": "#3"},
				"up": {"uv": [16, 0, 0, 16], "texture": "#3"},
				"down": {"uv": [16, 0, 0, 16], "texture": "#3"}
			}
		},
		{
			"from": [7.3, 7.80858, 13.5],
			"to": [7.6, 8.10858, 15.1],
			"rotation": {"angle": 45, "axis": "z", "origin": [7.5, 8.00858, 14.65]},
			"faces": {
				"north": {"uv": [16, 0, 0, 16], "texture": "#2"},
				"east": {"uv": [16, 0, 0, 16], "texture": "#2"},
				"south": {"uv": [16, 0, 0, 16], "texture": "#2"},
				"west": {"uv": [16, 0, 0, 16], "texture": "#2"},
				"up": {"uv": [16, 0, 0, 16], "texture": "#2"},
				"down": {"uv": [16, 0, 0, 16], "texture": "#2"}
			}
		},
		{
			"from": [7.3, 7.80858, 15.95],
			"to": [7.6, 8.10858, 17.2],
			"rotation": {"angle": 45, "axis": "z", "origin": [7.5, 8.00858, 17.05]},
			"faces": {
				"north": {"uv": [16, 0, 0, 16], "texture": "#3"},
				"east": {"uv": [16, 0, 0, 16], "texture": "#3"},
				"south": {"uv": [16, 0, 0, 16], "texture": "#3"},
				"west": {"uv": [16, 0, 0, 16], "texture": "#3"},
				"up": {"uv": [16, 0, 0, 16], "texture": "#3"},
				"down": {"uv": [16, 0, 0, 16], "texture": "#3"}
			}
		},
		{
			"from": [7.35, 7.85858, 17.2],
			"to": [7.6, 8.10858, 17.8],
			"rotation": {"angle": 45, "axis": "z", "origin": [7.5, 8.00858, 17.65]},
			"faces": {
				"north": {"uv": [16, 0, 0, 16], "texture": "#3"},
				"east": {"uv": [16, 0, 0, 16], "texture": "#3"},
				"south": {"uv": [16, 0, 0, 16], "texture": "#3"},
				"west": {"uv": [16, 0, 0, 16], "texture": "#3"},
				"up": {"uv": [16, 0, 0, 16], "texture": "#3"},
				"down": {"uv": [16, 0, 0, 16], "texture": "#3"}
			}
		},
		{
			"from": [7.35, 7.95858, 17.8],
			"to": [7.6, 8.30858, 17.9],
			"rotation": {"angle": 0, "axis": "y", "origin": [7.5, 8.00858, 17.65]},
			"faces": {
				"north": {"uv": [16, 0, 0, 16], "texture": "#3"},
				"east": {"uv": [16, 0, 0, 16], "texture": "#3"},
				"south": {"uv": [16, 0, 0, 16], "texture": "#3"},
				"west": {"uv": [16, 0, 0, 16], "texture": "#3"},
				"up": {"uv": [16, 0, 0, 16], "texture": "#3"},
				"down": {"uv": [16, 0, 0, 16], "texture": "#3"}
			}
		},
		{
			"from": [7.25, 8.05858, 15.95],
			"to": [7.75, 8.45858, 16.7],
			"rotation": {"angle": 0, "axis": "y", "origin": [7.5, 8.00858, 15.85]},
			"faces": {
				"north": {"uv": [16, 0, 0, 16], "texture": "#1"},
				"east": {"uv": [16, 0, 0, 16], "texture": "#1"},
				"south": {"uv": [16, 0, 0, 16], "texture": "#1"},
				"west": {"uv": [16, 0, 0, 16], "texture": "#1"},
				"up": {"uv": [16, 0, 0, 16], "texture": "#1"},
				"down": {"uv": [16, 0, 0, 16], "texture": "#1"}
			}
		},
		{
			"from": [7.25, 8.05858, 16.7],
			"to": [7.75, 8.35858, 16.85],
			"rotation": {"angle": 0, "axis": "y", "origin": [7.5, 8.00858, 16.6]},
			"faces": {
				"north": {"uv": [16, 0, 0, 16], "texture": "#1"},
				"east": {"uv": [16, 0, 0, 16], "texture": "#1"},
				"south": {"uv": [16, 0, 0, 16], "texture": "#1"},
				"west": {"uv": [16, 0, 0, 16], "texture": "#1"},
				"up": {"uv": [16, 0, 0, 16], "texture": "#1"},
				"down": {"uv": [16, 0, 0, 16], "texture": "#1"}
			}
		},
		{
			"from": [7.25, 8.05858, 16.85],
			"to": [7.75, 8.25858, 17],
			"rotation": {"angle": 0, "axis": "y", "origin": [7.5, 8.00858, 16.75]},
			"faces": {
				"north": {"uv": [16, 0, 0, 16], "texture": "#1"},
				"east": {"uv": [16, 0, 0, 16], "texture": "#1"},
				"south": {"uv": [16, 0, 0, 16], "texture": "#1"},
				"west": {"uv": [16, 0, 0, 16], "texture": "#1"},
				"up": {"uv": [16, 0, 0, 16], "texture": "#1"},
				"down": {"uv": [16, 0, 0, 16], "texture": "#1"}
			}
		},
		{
			"from": [7.25, 8.25858, 15.65],
			"to": [7.75, 8.45858, 15.95],
			"rotation": {"angle": 0, "axis": "y", "origin": [7.5, 8.00858, 15.55]},
			"faces": {
				"north": {"uv": [16, 0, 0, 16], "texture": "#1"},
				"east": {"uv": [16, 0, 0, 16], "texture": "#1"},
				"south": {"uv": [16, 0, 0, 16], "texture": "#1"},
				"west": {"uv": [16, 0, 0, 16], "texture": "#1"},
				"up": {"uv": [16, 0, 0, 16], "texture": "#1"},
				"down": {"uv": [16, 0, 0, 16], "texture": "#1"}
			}
		},
		{
			"from": [7.65, 7.78787, 13.7],
			"to": [11.85, 8.08787, 14.3],
			"rotation": {"angle": 45, "axis": "z", "origin": [7.5, 7.93787, 13.9]},
			"faces": {
				"north": {"uv": [16, 0, 0, 16], "texture": "#3"},
				"east": {"uv": [16, 0, 0, 16], "texture": "#3"},
				"south": {"uv": [16, 0, 0, 16], "texture": "#3"},
				"west": {"uv": [16, 0, 0, 16], "texture": "#3"},
				"up": {"uv": [16, 0, 0, 16], "texture": "#3"},
				"down": {"uv": [16, 0, 0, 16], "texture": "#3"}
			}
		},
		{
			"from": [7.3, 7.80858, 15.1],
			"to": [7.7, 8.20858, 15.95],
			"rotation": {"angle": 45, "axis": "z", "origin": [7.5, 8.00858, 15.45]},
			"faces": {
				"north": {"uv": [16, 0, 0, 16], "texture": "#3"},
				"east": {"uv": [16, 0, 0, 16], "texture": "#3"},
				"south": {"uv": [16, 0, 0, 16], "texture": "#3"},
				"west": {"uv": [16, 0, 0, 16], "texture": "#3"},
				"up": {"uv": [16, 0, 0, 16], "texture": "#3"},
				"down": {"uv": [16, 0, 0, 16], "texture": "#3"}
			}
		},
		{
			"from": [7.2, 8.10858, 15.1],
			"to": [7.8, 8.30858, 15.75],
			"rotation": {"angle": 0, "axis": "y", "origin": [7.5, 8.30858, 15.5]},
			"faces": {
				"north": {"uv": [16, 0, 0, 16], "texture": "#3"},
				"east": {"uv": [16, 0, 0, 16], "texture": "#3"},
				"south": {"uv": [16, 0, 0, 16], "texture": "#3"},
				"west": {"uv": [16, 0, 0, 16], "texture": "#3"},
				"up": {"uv": [16, 0, 0, 16], "texture": "#3"},
				"down": {"uv": [16, 0, 0, 16], "texture": "#3"}
			}
		},
		{
			"from": [7.4, 6.80858, 15.4],
			"to": [7.6, 7.00858, 15.6],
			"rotation": {"angle": 0, "axis": "y", "origin": [7.5, 6.90858, 15.5]},
			"faces": {
				"north": {"uv": [16, 0, 0, 16], "texture": "#3"},
				"east": {"uv": [16, 0, 0, 16], "texture": "#3"},
				"south": {"uv": [16, 0, 0, 16], "texture": "#3"},
				"west": {"uv": [16, 0, 0, 16], "texture": "#3"},
				"up": {"uv": [16, 0, 0, 16], "texture": "#3"},
				"down": {"uv": [16, 0, 0, 16], "texture": "#3"}
			}
		},
		{
			"from": [7.4, 6.60858, 15.5],
			"to": [7.6, 6.80858, 15.6],
			"rotation": {"angle": 0, "axis": "y", "origin": [7.5, 6.70858, 15.5]},
			"faces": {
				"north": {"uv": [16, 0, 0, 16], "texture": "#3"},
				"east": {"uv": [16, 0, 0, 16], "texture": "#3"},
				"south": {"uv": [16, 0, 0, 16], "texture": "#3"},
				"west": {"uv": [16, 0, 0, 16], "texture": "#3"},
				"up": {"uv": [16, 0, 0, 16], "texture": "#3"},
				"down": {"uv": [16, 0, 0, 16], "texture": "#3"}
			}
		},
		{
			"from": [7.4, 6.50858, 15.6],
			"to": [7.6, 6.60858, 15.7],
			"rotation": {"angle": 0, "axis": "y", "origin": [7.5, 6.60858, 15.6]},
			"faces": {
				"north": {"uv": [16, 0, 0, 16], "texture": "#3"},
				"east": {"uv": [16, 0, 0, 16], "texture": "#3"},
				"south": {"uv": [16, 0, 0, 16], "texture": "#3"},
				"west": {"uv": [16, 0, 0, 16], "texture": "#3"},
				"up": {"uv": [16, 0, 0, 16], "texture": "#3"},
				"down": {"uv": [16, 0, 0, 16], "texture": "#3"}
			}
		},
		{
			"from": [7.4, 6.45858, 15.7],
			"to": [7.6, 6.55858, 16.3],
			"rotation": {"angle": 0, "axis": "y", "origin": [7.5, 6.55858, 15.7]},
			"faces": {
				"north": {"uv": [16, 0, 0, 16], "texture": "#3"},
				"east": {"uv": [16, 0, 0, 16], "texture": "#3"},
				"south": {"uv": [16, 0, 0, 16], "texture": "#3"},
				"west": {"uv": [16, 0, 0, 16], "texture": "#3"},
				"up": {"uv": [16, 0, 0, 16], "texture": "#3"},
				"down": {"uv": [16, 0, 0, 16], "texture": "#3"}
			}
		},
		{
			"from": [7.4, 6.55858, 16.3],
			"to": [7.6, 6.65858, 16.4],
			"rotation": {"angle": 0, "axis": "y", "origin": [7.5, 6.65858, 15.7]},
			"faces": {
				"north": {"uv": [16, 0, 0, 16], "texture": "#3"},
				"east": {"uv": [16, 0, 0, 16], "texture": "#3"},
				"south": {"uv": [16, 0, 0, 16], "texture": "#3"},
				"west": {"uv": [16, 0, 0, 16], "texture": "#3"},
				"up": {"uv": [16, 0, 0, 16], "texture": "#3"},
				"down": {"uv": [16, 0, 0, 16], "texture": "#3"}
			}
		},
		{
			"from": [7.4, 6.65858, 16.35],
			"to": [7.6, 7.00858, 16.45],
			"rotation": {"angle": 0, "axis": "y", "origin": [7.5, 6.75858, 15.75]},
			"faces": {
				"north": {"uv": [16, 0, 0, 16], "texture": "#3"},
				"east": {"uv": [16, 0, 0, 16], "texture": "#3"},
				"south": {"uv": [16, 0, 0, 16], "texture": "#3"},
				"west": {"uv": [16, 0, 0, 16], "texture": "#3"},
				"up": {"uv": [16, 0, 0, 16], "texture": "#3"},
				"down": {"uv": [16, 0, 0, 16], "texture": "#3"}
			}
		},
		{
			"from": [7.4, 6.85858, 16.45],
			"to": [7.6, 7.00858, 16.55],
			"rotation": {"angle": 0, "axis": "y", "origin": [7.5, 6.75858, 15.85]},
			"faces": {
				"north": {"uv": [16, 0, 0, 16], "texture": "#3"},
				"east": {"uv": [16, 0, 0, 16], "texture": "#3"},
				"south": {"uv": [16, 0, 0, 16], "texture": "#3"},
				"west": {"uv": [16, 0, 0, 16], "texture": "#3"},
				"up": {"uv": [16, 0, 0, 16], "texture": "#3"},
				"down": {"uv": [16, 0, 0, 16], "texture": "#3"}
			}
		},
		{
			"from": [7.4, 6.85858, 16.25],
			"to": [7.6, 7.00858, 16.35],
			"rotation": {"angle": 0, "axis": "y", "origin": [7.5, 6.75858, 15.65]},
			"faces": {
				"north": {"uv": [16, 0, 0, 16], "texture": "#3"},
				"east": {"uv": [16, 0, 0, 16], "texture": "#3"},
				"south": {"uv": [16, 0, 0, 16], "texture": "#3"},
				"west": {"uv": [16, 0, 0, 16], "texture": "#3"},
				"up": {"uv": [16, 0, 0, 16], "texture": "#3"},
				"down": {"uv": [16, 0, 0, 16], "texture": "#3"}
			}
		},
		{
			"from": [7.45, 6.85858, 15.95],
			"to": [7.55, 7.00858, 16.05],
			"rotation": {"angle": 0, "axis": "y", "origin": [7.45, 6.75858, 15.35]},
			"faces": {
				"north": {"uv": [16, 0, 0, 16], "texture": "#3"},
				"east": {"uv": [16, 0, 0, 16], "texture": "#3"},
				"south": {"uv": [16, 0, 0, 16], "texture": "#3"},
				"west": {"uv": [16, 0, 0, 16], "texture": "#3"},
				"up": {"uv": [16, 0, 0, 16], "texture": "#3"},
				"down": {"uv": [16, 0, 0, 16], "texture": "#3"}
			}
		},
		{
			"from": [7.45, 6.60858, 15.95],
			"to": [7.55, 6.70858, 16.05],
			"rotation": {"angle": 0, "axis": "y", "origin": [7.45, 6.45858, 15.35]},
			"faces": {
				"north": {"uv": [16, 0, 0, 16], "texture": "#3"},
				"east": {"uv": [16, 0, 0, 16], "texture": "#3"},
				"south": {"uv": [16, 0, 0, 16], "texture": "#3"},
				"west": {"uv": [16, 0, 0, 16], "texture": "#3"},
				"up": {"uv": [16, 0, 0, 16], "texture": "#3"},
				"down": {"uv": [16, 0, 0, 16], "texture": "#3"}
			}
		},
		{
			"from": [7.45, 6.70858, 16],
			"to": [7.55, 6.85858, 16.1],
			"rotation": {"angle": 0, "axis": "y", "origin": [7.45, 6.60858, 15.4]},
			"faces": {
				"north": {"uv": [16, 0, 0, 16], "texture": "#3"},
				"east": {"uv": [16, 0, 0, 16], "texture": "#3"},
				"south": {"uv": [16, 0, 0, 16], "texture": "#3"},
				"west": {"uv": [16, 0, 0, 16], "texture": "#3"},
				"up": {"uv": [16, 0, 0, 16], "texture": "#3"},
				"down": {"uv": [16, 0, 0, 16], "texture": "#3"}
			}
		},
		{
			"from": [7.25, 7.88787, 13.5],
			"to": [7.35, 8.08787, 15.1],
			"rotation": {"angle": 0, "axis": "y", "origin": [7.4, 8.03787, 14.3]},
			"faces": {
				"north": {"uv": [16, 0, 0, 16], "rotation": 270, "texture": "#3"},
				"east": {"uv": [16, 0, 0, 16], "rotation": 270, "texture": "#3"},
				"south": {"uv": [16, 0, 0, 16], "rotation": 270, "texture": "#3"},
				"west": {"uv": [16, 0, 0, 16], "rotation": 270, "texture": "#3"},
				"up": {"uv": [16, 0, 0, 16], "rotation": 270, "texture": "#3"},
				"down": {"uv": [16, 0, 0, 16], "rotation": 270, "texture": "#3"}
			}
		},
		{
			"from": [7.35, 8.08787, 13.5],
			"to": [7.45, 8.28787, 15.1],
			"rotation": {"angle": 0, "axis": "y", "origin": [7.5, 8.23787, 14.3]},
			"faces": {
				"north": {"uv": [16, 0, 0, 16], "rotation": 270, "texture": "#3"},
				"east": {"uv": [16, 0, 0, 16], "rotation": 270, "texture": "#3"},
				"south": {"uv": [16, 0, 0, 16], "rotation": 270, "texture": "#3"},
				"west": {"uv": [16, 0, 0, 16], "rotation": 270, "texture": "#3"},
				"up": {"uv": [16, 0, 0, 16], "rotation": 270, "texture": "#3"},
				"down": {"uv": [16, 0, 0, 16], "rotation": 270, "texture": "#3"}
			}
		},
		{
			"from": [7.4, 7.80858, 1.9],
			"to": [7.6, 8.00858, 4.2],
			"rotation": {"angle": 45, "axis": "z", "origin": [7.5, 7.90858, 3.05]},
			"faces": {
				"north": {"uv": [16, 0, 0, 16], "texture": "#4"},
				"east": {"uv": [16, 0, 0, 16], "texture": "#1"},
				"south": {"uv": [16, 0, 0, 16], "texture": "#1"},
				"west": {"uv": [16, 0, 0, 16], "texture": "#1"},
				"up": {"uv": [16, 0, 0, 16], "texture": "#1"},
				"down": {"uv": [16, 0, 0, 16], "texture": "#1"}
			}
		},
		{
			"from": [7.3, 7.50858, 4.3],
			"to": [7.7, 7.60858, 9],
			"rotation": {"angle": 0, "axis": "y", "origin": [7.5, 7.40858, 5.35]},
			"faces": {
				"north": {"uv": [16, 0, 0, 16], "texture": "#10"},
				"east": {"uv": [16, 0, 0, 16], "texture": "#10"},
				"south": {"uv": [16, 0, 0, 16], "texture": "#10"},
				"west": {"uv": [16, 0, 0, 16], "texture": "#10"},
				"up": {"uv": [16, 0, 0, 16], "texture": "#10"},
				"down": {"uv": [16, 0, 0, 16], "texture": "#10"}
			}
		},
		{
			"from": [7.2, 7.60858, 4.3],
			"to": [7.8, 8.00858, 9],
			"rotation": {"angle": 0, "axis": "y", "origin": [7.5, 7.90858, 5.35]},
			"faces": {
				"north": {"uv": [16, 0, 0, 16], "texture": "#10"},
				"east": {"uv": [16, 0, 0, 16], "texture": "#10"},
				"south": {"uv": [16, 0, 0, 16], "texture": "#10"},
				"west": {"uv": [16, 0, 0, 16], "texture": "#10"},
				"up": {"uv": [16, 0, 0, 16], "texture": "#10"},
				"down": {"uv": [16, 0, 0, 16], "texture": "#10"}
			}
		},
		{
			"from": [7.25, 7.20858, 2.15],
			"to": [7.75, 7.50858, 4],
			"rotation": {"angle": 0, "axis": "y", "origin": [7.5, 7.40858, 1.35]},
			"faces": {
				"north": {"uv": [16, 0, 0, 16], "texture": "#10"},
				"east": {"uv": [16, 0, 0, 16], "texture": "#10"},
				"south": {"uv": [16, 0, 0, 16], "texture": "#10"},
				"west": {"uv": [16, 0, 0, 16], "texture": "#10"},
				"up": {"uv": [16, 0, 0, 16], "texture": "#10"},
				"down": {"uv": [16, 0, 0, 16], "texture": "#10"}
			}
		},
		{
			"from": [7.35, 7.50858, 2.15],
			"to": [7.65, 7.60858, 3.4],
			"rotation": {"angle": 0, "axis": "y", "origin": [7.5, 7.70858, 1.35]},
			"faces": {
				"north": {"uv": [16, 0, 0, 16], "texture": "#10"},
				"east": {"uv": [16, 0, 0, 16], "texture": "#10"},
				"south": {"uv": [16, 0, 0, 16], "texture": "#10"},
				"west": {"uv": [16, 0, 0, 16], "texture": "#10"},
				"up": {"uv": [16, 0, 0, 16], "texture": "#10"},
				"down": {"uv": [16, 0, 0, 16], "texture": "#10"}
			}
		},
		{
			"from": [7.35, 7.10858, 2.15],
			"to": [7.65, 7.20858, 3.9],
			"rotation": {"angle": 0, "axis": "y", "origin": [7.5, 7.30858, 1.35]},
			"faces": {
				"north": {"uv": [16, 0, 0, 16], "texture": "#10"},
				"east": {"uv": [16, 0, 0, 16], "texture": "#10"},
				"south": {"uv": [16, 0, 0, 16], "texture": "#10"},
				"west": {"uv": [16, 0, 0, 16], "texture": "#10"},
				"up": {"uv": [16, 0, 0, 16], "texture": "#10"},
				"down": {"uv": [16, 0, 0, 16], "texture": "#10"}
			}
		},
		{
			"from": [7.25, 7.00858, 2.65],
			"to": [7.65, 7.10858, 3.3],
			"rotation": {"angle": 0, "axis": "y", "origin": [7.5, 7.20858, 1.35]},
			"faces": {
				"north": {"uv": [16, 0, 0, 16], "texture": "#10"},
				"east": {"uv": [16, 0, 0, 16], "texture": "#10"},
				"south": {"uv": [16, 0, 0, 16], "texture": "#10"},
				"west": {"uv": [16, 0, 0, 16], "texture": "#10"},
				"up": {"uv": [16, 0, 0, 16], "texture": "#10"},
				"down": {"uv": [16, 0, 0, 16], "texture": "#10"}
			}
		},
		{
			"from": [7.1, 7.50858, 8.6],
			"to": [7.9, 8.10858, 9],
			"rotation": {"angle": 0, "axis": "y", "origin": [7.5, 7.90858, 5.35]},
			"faces": {
				"north": {"uv": [16, 0, 0, 16], "texture": "#1"},
				"east": {"uv": [16, 0, 0, 16], "texture": "#1"},
				"south": {"uv": [16, 0, 0, 16], "texture": "#1"},
				"west": {"uv": [16, 0, 0, 16], "texture": "#1"},
				"up": {"uv": [16, 0, 0, 16], "texture": "#1"},
				"down": {"uv": [16, 0, 0, 16], "texture": "#1"}
			}
		},
		{
			"from": [7.2, 8.10858, 8.6],
			"to": [7.8, 8.40858, 9],
			"rotation": {"angle": 0, "axis": "y", "origin": [7.5, 8.30858, 5.35]},
			"faces": {
				"north": {"uv": [16, 0, 0, 16], "texture": "#1"},
				"east": {"uv": [16, 0, 0, 16], "texture": "#1"},
				"south": {"uv": [16, 0, 0, 16], "texture": "#1"},
				"west": {"uv": [16, 0, 0, 16], "texture": "#1"},
				"up": {"uv": [16, 0, 0, 16], "texture": "#1"},
				"down": {"uv": [16, 0, 0, 16], "texture": "#1"}
			}
		},
		{
			"from": [7.2, 7.40858, 8.6],
			"to": [7.8, 7.50858, 9],
			"rotation": {"angle": 0, "axis": "y", "origin": [7.5, 7.60858, 5.35]},
			"faces": {
				"north": {"uv": [16, 0, 0, 16], "texture": "#1"},
				"east": {"uv": [16, 0, 0, 16], "texture": "#1"},
				"south": {"uv": [16, 0, 0, 16], "texture": "#1"},
				"west": {"uv": [16, 0, 0, 16], "texture": "#1"},
				"up": {"uv": [16, 0, 0, 16], "texture": "#1"},
				"down": {"uv": [16, 0, 0, 16], "texture": "#1"}
			}
		},
		{
			"from": [7.3, 7.30858, 8.6],
			"to": [7.7, 7.40858, 9],
			"rotation": {"angle": 0, "axis": "y", "origin": [7.5, 7.50858, 5.35]},
			"faces": {
				"north": {"uv": [16, 0, 0, 16], "texture": "#1"},
				"east": {"uv": [16, 0, 0, 16], "texture": "#1"},
				"south": {"uv": [16, 0, 0, 16], "texture": "#1"},
				"west": {"uv": [16, 0, 0, 16], "texture": "#1"},
				"up": {"uv": [16, 0, 0, 16], "texture": "#1"},
				"down": {"uv": [16, 0, 0, 16], "texture": "#1"}
			}
		},
		{
			"from": [7.3, 7.50858, 3.4],
			"to": [7.7, 7.60858, 4.3],
			"rotation": {"angle": 0, "axis": "y", "origin": [7.5, 7.70858, 0.65]},
			"faces": {
				"north": {"uv": [16, 0, 0, 16], "texture": "#3"},
				"east": {"uv": [16, 0, 0, 16], "texture": "#3"},
				"south": {"uv": [16, 0, 0, 16], "texture": "#3"},
				"west": {"uv": [16, 0, 0, 16], "texture": "#3"},
				"up": {"uv": [16, 0, 0, 16], "texture": "#3"},
				"down": {"uv": [16, 0, 0, 16], "texture": "#3"}
			}
		},
		{
			"from": [7.4, 7.40858, 3.4],
			"to": [7.6, 7.50858, 3.7],
			"rotation": {"angle": 0, "axis": "y", "origin": [7.5, 7.60858, 0.65]},
			"faces": {
				"north": {"uv": [16, 0, 0, 16], "texture": "#3"},
				"east": {"uv": [16, 0, 0, 16], "texture": "#3"},
				"south": {"uv": [16, 0, 0, 16], "texture": "#3"},
				"west": {"uv": [16, 0, 0, 16], "texture": "#3"},
				"up": {"uv": [16, 0, 0, 16], "texture": "#3"},
				"down": {"uv": [16, 0, 0, 16], "texture": "#3"}
			}
		},
		{
			"from": [7.4, 7.20858, 4],
			"to": [7.6, 7.50858, 4.3],
			"rotation": {"angle": 0, "axis": "y", "origin": [7.5, 7.60858, 1.25]},
			"faces": {
				"north": {"uv": [16, 0, 0, 16], "texture": "#3"},
				"east": {"uv": [16, 0, 0, 16], "texture": "#3"},
				"south": {"uv": [16, 0, 0, 16], "texture": "#3"},
				"west": {"uv": [16, 0, 0, 16], "texture": "#3"},
				"up": {"uv": [16, 0, 0, 16], "texture": "#3"},
				"down": {"uv": [16, 0, 0, 16], "texture": "#3"}
			}
		},
		{
			"from": [7.3, 7.00858, 3.9],
			"to": [7.7, 7.50858, 4.1],
			"rotation": {"angle": 0, "axis": "y", "origin": [7.5, 7.30858, 1.25]},
			"faces": {
				"north": {"uv": [16, 0, 0, 16], "texture": "#1"},
				"east": {"uv": [16, 0, 0, 16], "texture": "#1"},
				"south": {"uv": [16, 0, 0, 16], "texture": "#1"},
				"west": {"uv": [16, 0, 0, 16], "texture": "#1"},
				"up": {"uv": [16, 0, 0, 16], "texture": "#1"},
				"down": {"uv": [16, 0, 0, 16], "texture": "#1"}
			}
		},
		{
			"from": [7.3, 6.90858, 2],
			"to": [7.7, 7.60858, 2.15],
			"rotation": {"angle": 0, "axis": "y", "origin": [7.5, 7.30858, -0.7]},
			"faces": {
				"north": {"uv": [16, 0, 0, 16], "texture": "#1"},
				"east": {"uv": [16, 0, 0, 16], "texture": "#1"},
				"south": {"uv": [16, 0, 0, 16], "texture": "#1"},
				"west": {"uv": [16, 0, 0, 16], "texture": "#1"},
				"up": {"uv": [16, 0, 0, 16], "texture": "#1"},
				"down": {"uv": [16, 0, 0, 16], "texture": "#1"}
			}
		},
		{
			"from": [7.4, 7.60858, 2],
			"to": [7.6, 7.70858, 2.15],
			"rotation": {"angle": 0, "axis": "y", "origin": [7.5, 7.30858, -0.7]},
			"faces": {
				"north": {"uv": [16, 0, 0, 16], "texture": "#1"},
				"east": {"uv": [16, 0, 0, 16], "texture": "#1"},
				"south": {"uv": [16, 0, 0, 16], "texture": "#1"},
				"west": {"uv": [16, 0, 0, 16], "texture": "#1"},
				"up": {"uv": [16, 0, 0, 16], "texture": "#1"},
				"down": {"uv": [16, 0, 0, 16], "texture": "#1"}
			}
		},
		{
			"from": [7.3, 7.70858, 2],
			"to": [7.7, 8.10858, 2.15],
			"rotation": {"angle": 0, "axis": "y", "origin": [7.5, 7.40858, -0.7]},
			"faces": {
				"north": {"uv": [16, 0, 0, 16], "texture": "#1"},
				"east": {"uv": [16, 0, 0, 16], "texture": "#1"},
				"south": {"uv": [16, 0, 0, 16], "texture": "#1"},
				"west": {"uv": [16, 0, 0, 16], "texture": "#1"},
				"up": {"uv": [16, 0, 0, 16], "texture": "#1"},
				"down": {"uv": [16, 0, 0, 16], "texture": "#1"}
			}
		},
		{
			"from": [7.35, 6.60858, 2],
			"to": [7.65, 6.90858, 2.15],
			"rotation": {"angle": 0, "axis": "y", "origin": [7.5, 6.20858, -0.7]},
			"faces": {
				"north": {"uv": [16, 0, 0, 16], "texture": "#1"},
				"east": {"uv": [16, 0, 0, 16], "texture": "#1"},
				"south": {"uv": [16, 0, 0, 16], "texture": "#1"},
				"west": {"uv": [16, 0, 0, 16], "texture": "#1"},
				"up": {"uv": [16, 0, 0, 16], "texture": "#1"},
				"down": {"uv": [16, 0, 0, 16], "texture": "#1"}
			}
		},
		{
			"from": [7.4, 7.10858, 1.5],
			"to": [7.6, 7.60858, 2.05],
			"rotation": {"angle": 0, "axis": "y", "origin": [7.5, 6.70858, -1.1]},
			"faces": {
				"north": {"uv": [16, 0, 0, 16], "texture": "#2"},
				"east": {"uv": [16, 0, 0, 16], "texture": "#2"},
				"south": {"uv": [16, 0, 0, 16], "texture": "#2"},
				"west": {"uv": [16, 0, 0, 16], "texture": "#2"},
				"up": {"uv": [16, 0, 0, 16], "texture": "#2"},
				"down": {"uv": [16, 0, 0, 16], "texture": "#2"}
			}
		},
		{
			"from": [7.45, 7.10858, -4.95],
			"to": [7.55, 7.60858, 1.5],
			"rotation": {"angle": 0, "axis": "y", "origin": [7.5, 6.70858, -1.65]},
			"faces": {
				"north": {"uv": [16, 0, 0, 16], "texture": "#3"},
				"east": {"uv": [16, 0, 0, 16], "texture": "#3"},
				"south": {"uv": [16, 0, 0, 16], "texture": "#3"},
				"west": {"uv": [16, 0, 0, 16], "texture": "#3"},
				"up": {"uv": [16, 0, 0, 16], "texture": "#3"},
				"down": {"uv": [16, 0, 0, 16], "texture": "#3"}
			}
		},
		{
			"from": [7.45, 7.20858, -5.2],
			"to": [7.55, 7.50858, -4.95],
			"rotation": {"angle": 0, "axis": "y", "origin": [7.5, 6.70858, -8.1]},
			"faces": {
				"north": {"uv": [16, 0, 0, 16], "texture": "#3"},
				"east": {"uv": [16, 0, 0, 16], "texture": "#3"},
				"south": {"uv": [16, 0, 0, 16], "texture": "#3"},
				"west": {"uv": [16, 0, 0, 16], "texture": "#3"},
				"up": {"uv": [16, 0, 0, 16], "texture": "#3"},
				"down": {"uv": [16, 0, 0, 16], "texture": "#3"}
			}
		},
		{
			"from": [7.45, 7.30858, -5.4],
			"to": [7.55, 7.40858, -5.2],
			"rotation": {"angle": 0, "axis": "y", "origin": [7.5, 6.70858, -8.3]},
			"faces": {
				"north": {"uv": [16, 0, 0, 16], "texture": "#3"},
				"east": {"uv": [16, 0, 0, 16], "texture": "#3"},
				"south": {"uv": [16, 0, 0, 16], "texture": "#3"},
				"west": {"uv": [16, 0, 0, 16], "texture": "#3"},
				"up": {"uv": [16, 0, 0, 16], "texture": "#3"},
				"down": {"uv": [16, 0, 0, 16], "texture": "#3"}
			}
		},
		{
			"from": [7.3, 7.10858, 4.1],
			"to": [7.7, 7.50858, 4.2],
			"rotation": {"angle": 0, "axis": "y", "origin": [7.5, 7.30858, 1.35]},
			"faces": {
				"north": {"uv": [16, 0, 0, 16], "texture": "#1"},
				"east": {"uv": [16, 0, 0, 16], "texture": "#1"},
				"south": {"uv": [16, 0, 0, 16], "texture": "#1"},
				"west": {"uv": [16, 0, 0, 16], "texture": "#1"},
				"up": {"uv": [16, 0, 0, 16], "texture": "#1"},
				"down": {"uv": [16, 0, 0, 16], "texture": "#1"}
			}
		},
		{
			"from": [7.2, 7.60858, 3.4],
			"to": [7.8, 8.10858, 4.3],
			"rotation": {"angle": 0, "axis": "y", "origin": [7.5, 7.90858, 0.65]},
			"faces": {
				"north": {"uv": [16, 0, 0, 16], "texture": "#3"},
				"east": {"uv": [16, 0, 0, 16], "texture": "#3"},
				"south": {"uv": [16, 0, 0, 16], "texture": "#3"},
				"west": {"uv": [16, 0, 0, 16], "texture": "#3"},
				"up": {"uv": [16, 0, 0, 16], "texture": "#3"},
				"down": {"uv": [16, 0, 0, 16], "texture": "#3"}
			}
		},
		{
			"from": [7.3, 8.10858, 3.9],
			"to": [7.7, 8.20858, 4.3],
			"rotation": {"angle": 0, "axis": "y", "origin": [7.5, 8.40858, 0.65]},
			"faces": {
				"north": {"uv": [16, 0, 0, 16], "texture": "#3"},
				"east": {"uv": [16, 0, 0, 16], "texture": "#3"},
				"south": {"uv": [16, 0, 0, 16], "texture": "#3"},
				"west": {"uv": [16, 0, 0, 16], "texture": "#3"},
				"up": {"uv": [16, 0, 0, 16], "texture": "#3"},
				"down": {"uv": [16, 0, 0, 16], "texture": "#3"}
			}
		},
		{
			"from": [7.3, 8.10858, 3.4],
			"to": [7.7, 8.20858, 3.8],
			"rotation": {"angle": 0, "axis": "y", "origin": [7.5, 8.40858, 0.15]},
			"faces": {
				"north": {"uv": [16, 0, 0, 16], "texture": "#3"},
				"east": {"uv": [16, 0, 0, 16], "texture": "#3"},
				"south": {"uv": [16, 0, 0, 16], "texture": "#3"},
				"west": {"uv": [16, 0, 0, 16], "texture": "#3"},
				"up": {"uv": [16, 0, 0, 16], "texture": "#3"},
				"down": {"uv": [16, 0, 0, 16], "texture": "#3"}
			}
		},
		{
			"from": [7.45, 7.90858, 2.1],
			"to": [7.55, 8.30858, 2.6],
			"rotation": {"angle": 0, "axis": "y", "origin": [7.55, 8.40858, -1.05]},
			"faces": {
				"north": {"uv": [16, 0, 0, 16], "texture": "#2"},
				"east": {"uv": [16, 0, 0, 16], "texture": "#2"},
				"south": {"uv": [16, 0, 0, 16], "texture": "#2"},
				"west": {"uv": [16, 0, 0, 16], "texture": "#2"},
				"up": {"uv": [16, 0, 0, 16], "texture": "#2"},
				"down": {"uv": [16, 0, 0, 16], "texture": "#2"}
			}
		},
		{
			"from": [7.45, 8.30858, 2.1],
			"to": [7.55, 8.60858, 2.4],
			"rotation": {"angle": 0, "axis": "y", "origin": [7.55, 8.80858, -1.05]},
			"faces": {
				"north": {"uv": [16, 0, 0, 16], "texture": "#2"},
				"east": {"uv": [16, 0, 0, 16], "texture": "#2"},
				"south": {"uv": [16, 0, 0, 16], "texture": "#2"},
				"west": {"uv": [16, 0, 0, 16], "texture": "#2"},
				"up": {"uv": [16, 0, 0, 16], "texture": "#2"},
				"down": {"uv": [16, 0, 0, 16], "texture": "#2"}
			}
		},
		{
			"from": [7.2, 7.40858, 9],
			"to": [7.8, 8.00858, 12.9],
			"rotation": {"angle": 0, "axis": "y", "origin": [7.5, 7.90858, 10.05]},
			"faces": {
				"north": {"uv": [16, 0, 0, 16], "texture": "#10"},
				"east": {"uv": [16, 0, 0, 16], "texture": "#10"},
				"south": {"uv": [16, 0, 0, 16], "texture": "#10"},
				"west": {"uv": [16, 0, 0, 16], "texture": "#10"},
				"up": {"uv": [16, 0, 0, 16], "texture": "#10"},
				"down": {"uv": [16, 0, 0, 16], "texture": "#10"}
			}
		},
		{
			"from": [7.2, 8.00858, 9],
			"to": [7.8, 8.40858, 11.2],
			"rotation": {"angle": 0, "axis": "y", "origin": [7.5, 8.50858, 10.05]},
			"faces": {
				"north": {"uv": [16, 0, 0, 16], "texture": "#10"},
				"east": {"uv": [16, 0, 0, 16], "texture": "#10"},
				"south": {"uv": [16, 0, 0, 16], "texture": "#10"},
				"west": {"uv": [16, 0, 0, 16], "texture": "#10"},
				"up": {"uv": [16, 0, 0, 16], "texture": "#10"},
				"down": {"uv": [16, 0, 0, 16], "texture": "#10"}
			}
		},
		{
			"from": [7.3, 8.00858, 11.2],
			"to": [7.7, 8.30858, 12.9],
			"rotation": {"angle": 0, "axis": "y", "origin": [7.5, 8.50858, 11.75]},
			"faces": {
				"north": {"uv": [16, 0, 0, 16], "texture": "#2"},
				"east": {"uv": [16, 0, 0, 16], "texture": "#2"},
				"south": {"uv": [16, 0, 0, 16], "texture": "#2"},
				"west": {"uv": [16, 0, 0, 16], "texture": "#2"},
				"up": {"uv": [16, 0, 0, 16], "texture": "#2"},
				"down": {"uv": [16, 0, 0, 16], "texture": "#2"}
			}
		},
		{
			"from": [7.35, 8.30858, 11.4],
			"to": [7.65, 8.50858, 12.9],
			"rotation": {"angle": 0, "axis": "y", "origin": [7.55, 8.80858, 11.75]},
			"faces": {
				"north": {"uv": [16, 0, 0, 16], "texture": "#2"},
				"east": {"uv": [16, 0, 0, 16], "texture": "#2"},
				"south": {"uv": [16, 0, 0, 16], "texture": "#2"},
				"west": {"uv": [16, 0, 0, 16], "texture": "#2"},
				"up": {"uv": [16, 0, 0, 16], "texture": "#2"},
				"down": {"uv": [16, 0, 0, 16], "texture": "#2"}
			}
		},
		{
			"from": [7.2, 8.30858, 11.2],
			"to": [7.8, 8.50858, 11.4],
			"rotation": {"angle": 0, "axis": "y", "origin": [7.55, 8.80858, 11.75]},
			"faces": {
				"north": {"uv": [16, 0, 0, 16], "texture": "#1"},
				"east": {"uv": [16, 0, 0, 16], "texture": "#1"},
				"south": {"uv": [16, 0, 0, 16], "texture": "#1"},
				"west": {"uv": [16, 0, 0, 16], "texture": "#1"},
				"up": {"uv": [16, 0, 0, 16], "texture": "#1"},
				"down": {"uv": [16, 0, 0, 16], "texture": "#1"}
			}
		},
		{
			"from": [7.55, 8.50858, 11.2],
			"to": [7.75, 8.60858, 12.9],
			"rotation": {"angle": 0, "axis": "y", "origin": [7.55, 9.00858, 11.75]},
			"faces": {
				"north": {"uv": [16, 0, 0, 16], "texture": "#2"},
				"east": {"uv": [16, 0, 0, 16], "texture": "#2"},
				"south": {"uv": [16, 0, 0, 16], "texture": "#2"},
				"west": {"uv": [16, 0, 0, 16], "texture": "#2"},
				"up": {"uv": [16, 0, 0, 16], "texture": "#2"},
				"down": {"uv": [16, 0, 0, 16], "texture": "#2"}
			}
		},
		{
			"from": [7.25, 8.50858, 11.2],
			"to": [7.45, 8.60858, 12.9],
			"rotation": {"angle": 0, "axis": "y", "origin": [7.25, 9.00858, 11.75]},
			"faces": {
				"north": {"uv": [16, 0, 0, 16], "texture": "#2"},
				"east": {"uv": [16, 0, 0, 16], "texture": "#2"},
				"south": {"uv": [16, 0, 0, 16], "texture": "#2"},
				"west": {"uv": [16, 0, 0, 16], "texture": "#2"},
				"up": {"uv": [16, 0, 0, 16], "texture": "#2"},
				"down": {"uv": [16, 0, 0, 16], "texture": "#2"}
			}
		},
		{
			"from": [7.3, 8.40858, 9],
			"to": [7.7, 8.50858, 11],
			"rotation": {"angle": 0, "axis": "y", "origin": [7.5, 8.90858, 10.05]},
			"faces": {
				"north": {"uv": [16, 0, 0, 16], "texture": "#10"},
				"east": {"uv": [16, 0, 0, 16], "texture": "#10"},
				"south": {"uv": [16, 0, 0, 16], "texture": "#10"},
				"west": {"uv": [16, 0, 0, 16], "texture": "#10"},
				"up": {"uv": [16, 0, 0, 16], "texture": "#10"},
				"down": {"uv": [16, 0, 0, 16], "texture": "#10"}
			}
		},
		{
			"from": [7.2, 7.30858, 12.9],
			"to": [7.8, 7.90858, 15.8],
			"rotation": {"angle": 0, "axis": "y", "origin": [7.5, 7.90858, 13.95]},
			"faces": {
				"north": {"uv": [16, 0, 0, 16], "texture": "#10"},
				"east": {"uv": [16, 0, 0, 16], "texture": "#10"},
				"south": {"uv": [16, 0, 0, 16], "texture": "#10"},
				"west": {"uv": [16, 0, 0, 16], "texture": "#10"},
				"up": {"uv": [16, 0, 0, 16], "texture": "#10"},
				"down": {"uv": [16, 0, 0, 16], "texture": "#10"}
			}
		},
		{
			"from": [7.2, 7.20858, 15.8],
			"to": [7.8, 7.70858, 16.7],
			"rotation": {"angle": 0, "axis": "y", "origin": [7.5, 7.80858, 16.85]},
			"faces": {
				"north": {"uv": [16, 0, 0, 16], "texture": "#10"},
				"east": {"uv": [16, 0, 0, 16], "texture": "#10"},
				"south": {"uv": [16, 0, 0, 16], "texture": "#10"},
				"west": {"uv": [16, 0, 0, 16], "texture": "#10"},
				"up": {"uv": [16, 0, 0, 16], "texture": "#10"},
				"down": {"uv": [16, 0, 0, 16], "texture": "#10"}
			}
		},
		{
			"from": [7.3, 7.70858, 15.8],
			"to": [7.7, 7.80858, 16.7],
			"rotation": {"angle": 0, "axis": "y", "origin": [7.5, 8.30858, 16.85]},
			"faces": {
				"north": {"uv": [16, 0, 0, 16], "texture": "#10"},
				"east": {"uv": [16, 0, 0, 16], "texture": "#10"},
				"south": {"uv": [16, 0, 0, 16], "texture": "#10"},
				"west": {"uv": [16, 0, 0, 16], "texture": "#10"},
				"up": {"uv": [16, 0, 0, 16], "texture": "#10"},
				"down": {"uv": [16, 0, 0, 16], "texture": "#10"}
			}
		},
		{
			"from": [7.2, 7.10858, 16.7],
			"to": [7.8, 7.70858, 16.9],
			"rotation": {"angle": 0, "axis": "y", "origin": [7.5, 7.80858, 17.75]},
			"faces": {
				"north": {"uv": [16, 0, 0, 16], "texture": "#10"},
				"east": {"uv": [16, 0, 0, 16], "texture": "#10"},
				"south": {"uv": [16, 0, 0, 16], "texture": "#10"},
				"west": {"uv": [16, 0, 0, 16], "texture": "#10"},
				"up": {"uv": [16, 0, 0, 16], "texture": "#10"},
				"down": {"uv": [16, 0, 0, 16], "texture": "#10"}
			}
		},
		{
			"from": [7.3, 7.70858, 16.7],
			"to": [7.7, 7.80858, 16.9],
			"rotation": {"angle": 0, "axis": "y", "origin": [7.5, 8.40858, 17.75]},
			"faces": {
				"north": {"uv": [16, 0, 0, 16], "texture": "#10"},
				"east": {"uv": [16, 0, 0, 16], "texture": "#10"},
				"south": {"uv": [16, 0, 0, 16], "texture": "#10"},
				"west": {"uv": [16, 0, 0, 16], "texture": "#10"},
				"up": {"uv": [16, 0, 0, 16], "texture": "#10"},
				"down": {"uv": [16, 0, 0, 16], "texture": "#10"}
			}
		},
		{
			"from": [7.3, 7.60858, 16.9],
			"to": [7.7, 7.80858, 17.1],
			"rotation": {"angle": 0, "axis": "y", "origin": [7.5, 8.30858, 17.95]},
			"faces": {
				"north": {"uv": [16, 0, 0, 16], "texture": "#10"},
				"east": {"uv": [16, 0, 0, 16], "texture": "#10"},
				"south": {"uv": [16, 0, 0, 16], "texture": "#10"},
				"west": {"uv": [16, 0, 0, 16], "texture": "#10"},
				"up": {"uv": [16, 0, 0, 16], "texture": "#10"},
				"down": {"uv": [16, 0, 0, 16], "texture": "#10"}
			}
		},
		{
			"from": [7.3, 7.50858, 17.1],
			"to": [7.7, 7.70858, 17.3],
			"rotation": {"angle": 0, "axis": "y", "origin": [7.5, 8.20858, 18.15]},
			"faces": {
				"north": {"uv": [16, 0, 0, 16], "texture": "#10"},
				"east": {"uv": [16, 0, 0, 16], "texture": "#10"},
				"south": {"uv": [16, 0, 0, 16], "texture": "#10"},
				"west": {"uv": [16, 0, 0, 16], "texture": "#10"},
				"up": {"uv": [16, 0, 0, 16], "texture": "#10"},
				"down": {"uv": [16, 0, 0, 16], "texture": "#10"}
			}
		},
		{
			"from": [7.3, 7.40858, 17.5],
			"to": [7.7, 7.60858, 17.7],
			"rotation": {"angle": 0, "axis": "y", "origin": [7.5, 8.10858, 18.55]},
			"faces": {
				"north": {"uv": [16, 0, 0, 16], "texture": "#10"},
				"east": {"uv": [16, 0, 0, 16], "texture": "#10"},
				"south": {"uv": [16, 0, 0, 16], "texture": "#10"},
				"west": {"uv": [16, 0, 0, 16], "texture": "#10"},
				"up": {"uv": [16, 0, 0, 16], "texture": "#10"},
				"down": {"uv": [16, 0, 0, 16], "texture": "#10"}
			}
		},
		{
			"from": [7.3, 7.40858, 17.7],
			"to": [7.7, 7.50858, 17.9],
			"rotation": {"angle": 0, "axis": "y", "origin": [7.5, 8.10858, 18.75]},
			"faces": {
				"north": {"uv": [16, 0, 0, 16], "texture": "#10"},
				"east": {"uv": [16, 0, 0, 16], "texture": "#10"},
				"south": {"uv": [16, 0, 0, 16], "texture": "#10"},
				"west": {"uv": [16, 0, 0, 16], "texture": "#10"},
				"up": {"uv": [16, 0, 0, 16], "texture": "#10"},
				"down": {"uv": [16, 0, 0, 16], "texture": "#10"}
			}
		},
		{
			"from": [7.3, 7.30858, 17.9],
			"to": [7.7, 7.40858, 18.1],
			"rotation": {"angle": 0, "axis": "y", "origin": [7.5, 8.00858, 18.95]},
			"faces": {
				"north": {"uv": [16, 0, 0, 16], "texture": "#10"},
				"east": {"uv": [16, 0, 0, 16], "texture": "#10"},
				"south": {"uv": [16, 0, 0, 16], "texture": "#10"},
				"west": {"uv": [16, 0, 0, 16], "texture": "#10"},
				"up": {"uv": [16, 0, 0, 16], "texture": "#10"},
				"down": {"uv": [16, 0, 0, 16], "texture": "#10"}
			}
		},
		{
			"from": [7.4, 7.20858, 18.1],
			"to": [7.6, 7.40858, 18.3],
			"rotation": {"angle": 0, "axis": "y", "origin": [7.5, 7.90858, 19.15]},
			"faces": {
				"north": {"uv": [16, 0, 0, 16], "texture": "#10"},
				"east": {"uv": [16, 0, 0, 16], "texture": "#10"},
				"south": {"uv": [16, 0, 0, 16], "texture": "#10"},
				"west": {"uv": [16, 0, 0, 16], "texture": "#10"},
				"up": {"uv": [16, 0, 0, 16], "texture": "#10"},
				"down": {"uv": [16, 0, 0, 16], "texture": "#10"}
			}
		},
		{
			"from": [7.4, 7.10858, 18.3],
			"to": [7.6, 7.30858, 19.4],
			"rotation": {"angle": 0, "axis": "y", "origin": [7.5, 7.80858, 19.35]},
			"faces": {
				"north": {"uv": [16, 0, 0, 16], "texture": "#10"},
				"east": {"uv": [16, 0, 0, 16], "texture": "#10"},
				"south": {"uv": [16, 0, 0, 16], "texture": "#10"},
				"west": {"uv": [16, 0, 0, 16], "texture": "#10"},
				"up": {"uv": [16, 0, 0, 16], "texture": "#10"},
				"down": {"uv": [16, 0, 0, 16], "texture": "#10"}
			}
		},
		{
			"from": [7.4, 7.00858, 19.4],
			"to": [7.6, 7.20858, 20.3],
			"rotation": {"angle": 0, "axis": "y", "origin": [7.5, 7.80858, 20.35]},
			"faces": {
				"north": {"uv": [16, 0, 0, 16], "texture": "#10"},
				"east": {"uv": [16, 0, 0, 16], "texture": "#10"},
				"south": {"uv": [16, 0, 0, 16], "texture": "#10"},
				"west": {"uv": [16, 0, 0, 16], "texture": "#10"},
				"up": {"uv": [16, 0, 0, 16], "texture": "#10"},
				"down": {"uv": [16, 0, 0, 16], "texture": "#10"}
			}
		},
		{
			"from": [7.4, 6.90858, 20.3],
			"to": [7.6, 7.10858, 21.2],
			"rotation": {"angle": 0, "axis": "y", "origin": [7.5, 7.70858, 21.25]},
			"faces": {
				"north": {"uv": [16, 0, 0, 16], "texture": "#10"},
				"east": {"uv": [16, 0, 0, 16], "texture": "#10"},
				"south": {"uv": [16, 0, 0, 16], "texture": "#10"},
				"west": {"uv": [16, 0, 0, 16], "texture": "#10"},
				"up": {"uv": [16, 0, 0, 16], "texture": "#10"},
				"down": {"uv": [16, 0, 0, 16], "texture": "#10"}
			}
		},
		{
			"from": [7.4, 6.80858, 21.2],
			"to": [7.6, 7.00858, 22.1],
			"rotation": {"angle": 0, "axis": "y", "origin": [7.5, 7.60858, 22.15]},
			"faces": {
				"north": {"uv": [16, 0, 0, 16], "texture": "#10"},
				"east": {"uv": [16, 0, 0, 16], "texture": "#10"},
				"south": {"uv": [16, 0, 0, 16], "texture": "#10"},
				"west": {"uv": [16, 0, 0, 16], "texture": "#10"},
				"up": {"uv": [16, 0, 0, 16], "texture": "#10"},
				"down": {"uv": [16, 0, 0, 16], "texture": "#10"}
			}
		},
		{
			"from": [7.4, 6.80858, 22.1],
			"to": [7.6, 6.95858, 22.4],
			"rotation": {"angle": 0, "axis": "y", "origin": [7.5, 7.60858, 22.45]},
			"faces": {
				"north": {"uv": [16, 0, 0, 16], "texture": "#10"},
				"east": {"uv": [16, 0, 0, 16], "texture": "#10"},
				"south": {"uv": [16, 0, 0, 16], "texture": "#10"},
				"west": {"uv": [16, 0, 0, 16], "texture": "#10"},
				"up": {"uv": [16, 0, 0, 16], "texture": "#10"},
				"down": {"uv": [16, 0, 0, 16], "texture": "#10"}
			}
		},
		{
			"from": [7.4, 6.30858, 22.4],
			"to": [7.6, 6.90858, 22.5],
			"rotation": {"angle": 0, "axis": "y", "origin": [7.5, 7.60858, 22.55]},
			"faces": {
				"north": {"uv": [16, 0, 0, 16], "texture": "#10"},
				"east": {"uv": [16, 0, 0, 16], "texture": "#10"},
				"south": {"uv": [16, 0, 0, 16], "texture": "#10"},
				"west": {"uv": [16, 0, 0, 16], "texture": "#10"},
				"up": {"uv": [16, 0, 0, 16], "texture": "#10"},
				"down": {"uv": [16, 0, 0, 16], "texture": "#10"}
			}
		},
		{
			"from": [7.4, 5.00858, 22.3],
			"to": [7.6, 6.30858, 22.4],
			"rotation": {"angle": 0, "axis": "y", "origin": [7.5, 7.00858, 22.45]},
			"faces": {
				"north": {"uv": [16, 0, 0, 16], "texture": "#10"},
				"east": {"uv": [16, 0, 0, 16], "texture": "#10"},
				"south": {"uv": [16, 0, 0, 16], "texture": "#10"},
				"west": {"uv": [16, 0, 0, 16], "texture": "#10"},
				"up": {"uv": [16, 0, 0, 16], "texture": "#10"},
				"down": {"uv": [16, 0, 0, 16], "texture": "#10"}
			}
		},
		{
			"from": [7.4, 4.90858, 22.1],
			"to": [7.6, 5.00858, 22.4],
			"rotation": {"angle": 0, "axis": "y", "origin": [7.5, 5.90858, 22.45]},
			"faces": {
				"north": {"uv": [16, 0, 0, 16], "texture": "#10"},
				"east": {"uv": [16, 0, 0, 16], "texture": "#10"},
				"south": {"uv": [16, 0, 0, 16], "texture": "#10"},
				"west": {"uv": [16, 0, 0, 16], "texture": "#10"},
				"up": {"uv": [16, 0, 0, 16], "texture": "#10"},
				"down": {"uv": [16, 0, 0, 16], "texture": "#10"}
			}
		},
		{
			"from": [7.4, 5.00858, 21.8],
			"to": [7.6, 5.10858, 22.1],
			"rotation": {"angle": 0, "axis": "y", "origin": [7.5, 6.00858, 22.15]},
			"faces": {
				"north": {"uv": [16, 0, 0, 16], "texture": "#10"},
				"east": {"uv": [16, 0, 0, 16], "texture": "#10"},
				"south": {"uv": [16, 0, 0, 16], "texture": "#10"},
				"west": {"uv": [16, 0, 0, 16], "texture": "#10"},
				"up": {"uv": [16, 0, 0, 16], "texture": "#10"},
				"down": {"uv": [16, 0, 0, 16], "texture": "#10"}
			}
		},
		{
			"from": [7.4, 5.10858, 21.7],
			"to": [7.6, 5.20858, 22],
			"rotation": {"angle": 0, "axis": "y", "origin": [7.5, 6.10858, 22.05]},
			"faces": {
				"north": {"uv": [16, 0, 0, 16], "texture": "#10"},
				"east": {"uv": [16, 0, 0, 16], "texture": "#10"},
				"south": {"uv": [16, 0, 0, 16], "texture": "#10"},
				"west": {"uv": [16, 0, 0, 16], "texture": "#10"},
				"up": {"uv": [16, 0, 0, 16], "texture": "#10"},
				"down": {"uv": [16, 0, 0, 16], "texture": "#10"}
			}
		},
		{
			"from": [7.4, 5.20858, 21.3],
			"to": [7.6, 5.30858, 21.7],
			"rotation": {"angle": 0, "axis": "y", "origin": [7.5, 6.20858, 21.75]},
			"faces": {
				"north": {"uv": [16, 0, 0, 16], "texture": "#10"},
				"east": {"uv": [16, 0, 0, 16], "texture": "#10"},
				"south": {"uv": [16, 0, 0, 16], "texture": "#10"},
				"west": {"uv": [16, 0, 0, 16], "texture": "#10"},
				"up": {"uv": [16, 0, 0, 16], "texture": "#10"},
				"down": {"uv": [16, 0, 0, 16], "texture": "#10"}
			}
		},
		{
			"from": [7.4, 5.30858, 21],
			"to": [7.6, 5.40858, 21.5],
			"rotation": {"angle": 0, "axis": "y", "origin": [7.5, 6.30858, 21.55]},
			"faces": {
				"north": {"uv": [16, 0, 0, 16], "texture": "#10"},
				"east": {"uv": [16, 0, 0, 16], "texture": "#10"},
				"south": {"uv": [16, 0, 0, 16], "texture": "#10"},
				"west": {"uv": [16, 0, 0, 16], "texture": "#10"},
				"up": {"uv": [16, 0, 0, 16], "texture": "#10"},
				"down": {"uv": [16, 0, 0, 16], "texture": "#10"}
			}
		},
		{
			"from": [7.4, 5.40858, 20.7],
			"to": [7.6, 5.50858, 21.5],
			"rotation": {"angle": 0, "axis": "y", "origin": [7.5, 6.40858, 21.55]},
			"faces": {
				"north": {"uv": [16, 0, 0, 16], "texture": "#10"},
				"east": {"uv": [16, 0, 0, 16], "texture": "#10"},
				"south": {"uv": [16, 0, 0, 16], "texture": "#10"},
				"west": {"uv": [16, 0, 0, 16], "texture": "#10"},
				"up": {"uv": [16, 0, 0, 16], "texture": "#10"},
				"down": {"uv": [16, 0, 0, 16], "texture": "#10"}
			}
		},
		{
			"from": [7.4, 5.60858, 20.3],
			"to": [7.6, 5.70858, 20.9],
			"rotation": {"angle": 0, "axis": "y", "origin": [7.5, 6.60858, 20.95]},
			"faces": {
				"north": {"uv": [16, 0, 0, 16], "texture": "#10"},
				"east": {"uv": [16, 0, 0, 16], "texture": "#10"},
				"south": {"uv": [16, 0, 0, 16], "texture": "#10"},
				"west": {"uv": [16, 0, 0, 16], "texture": "#10"},
				"up": {"uv": [16, 0, 0, 16], "texture": "#10"},
				"down": {"uv": [16, 0, 0, 16], "texture": "#10"}
			}
		},
		{
			"from": [7.4, 5.80858, 19.8],
			"to": [7.6, 5.90858, 20.4],
			"rotation": {"angle": 0, "axis": "y", "origin": [7.5, 6.80858, 20.45]},
			"faces": {
				"north": {"uv": [16, 0, 0, 16], "texture": "#10"},
				"east": {"uv": [16, 0, 0, 16], "texture": "#10"},
				"south": {"uv": [16, 0, 0, 16], "texture": "#10"},
				"west": {"uv": [16, 0, 0, 16], "texture": "#10"},
				"up": {"uv": [16, 0, 0, 16], "texture": "#10"},
				"down": {"uv": [16, 0, 0, 16], "texture": "#10"}
			}
		},
		{
			"from": [7.4, 5.90858, 19.5],
			"to": [7.6, 6.00858, 19.9],
			"rotation": {"angle": 0, "axis": "y", "origin": [7.5, 7.00858, 19.95]},
			"faces": {
				"north": {"uv": [16, 0, 0, 16], "texture": "#10"},
				"east": {"uv": [16, 0, 0, 16], "texture": "#10"},
				"south": {"uv": [16, 0, 0, 16], "texture": "#10"},
				"west": {"uv": [16, 0, 0, 16], "texture": "#10"},
				"up": {"uv": [16, 0, 0, 16], "texture": "#10"},
				"down": {"uv": [16, 0, 0, 16], "texture": "#10"}
			}
		},
		{
			"from": [7.4, 6.00858, 19.3],
			"to": [7.6, 6.10858, 19.9],
			"rotation": {"angle": 0, "axis": "y", "origin": [7.5, 7.10858, 19.95]},
			"faces": {
				"north": {"uv": [16, 0, 0, 16], "texture": "#10"},
				"east": {"uv": [16, 0, 0, 16], "texture": "#10"},
				"south": {"uv": [16, 0, 0, 16], "texture": "#10"},
				"west": {"uv": [16, 0, 0, 16], "texture": "#10"},
				"up": {"uv": [16, 0, 0, 16], "texture": "#10"},
				"down": {"uv": [16, 0, 0, 16], "texture": "#10"}
			}
		},
		{
			"from": [7.4, 6.20858, 18.8],
			"to": [7.6, 6.30858, 19.4],
			"rotation": {"angle": 0, "axis": "y", "origin": [7.5, 7.30858, 19.45]},
			"faces": {
				"north": {"uv": [16, 0, 0, 16], "texture": "#10"},
				"east": {"uv": [16, 0, 0, 16], "texture": "#10"},
				"south": {"uv": [16, 0, 0, 16], "texture": "#10"},
				"west": {"uv": [16, 0, 0, 16], "texture": "#10"},
				"up": {"uv": [16, 0, 0, 16], "texture": "#10"},
				"down": {"uv": [16, 0, 0, 16], "texture": "#10"}
			}
		},
		{
			"from": [7.4, 6.40858, 18.3],
			"to": [7.6, 6.50858, 18.9],
			"rotation": {"angle": 0, "axis": "y", "origin": [7.5, 7.50858, 18.95]},
			"faces": {
				"north": {"uv": [16, 0, 0, 16], "texture": "#10"},
				"east": {"uv": [16, 0, 0, 16], "texture": "#10"},
				"south": {"uv": [16, 0, 0, 16], "texture": "#10"},
				"west": {"uv": [16, 0, 0, 16], "texture": "#10"},
				"up": {"uv": [16, 0, 0, 16], "texture": "#10"},
				"down": {"uv": [16, 0, 0, 16], "texture": "#10"}
			}
		},
		{
			"from": [7.4, 6.50858, 18],
			"to": [7.6, 6.60858, 18.3],
			"rotation": {"angle": 0, "axis": "y", "origin": [7.5, 7.60858, 18.35]},
			"faces": {
				"north": {"uv": [16, 0, 0, 16], "texture": "#10"},
				"east": {"uv": [16, 0, 0, 16], "texture": "#10"},
				"south": {"uv": [16, 0, 0, 16], "texture": "#10"},
				"west": {"uv": [16, 0, 0, 16], "texture": "#10"},
				"up": {"uv": [16, 0, 0, 16], "texture": "#10"},
				"down": {"uv": [16, 0, 0, 16], "texture": "#10"}
			}
		},
		{
			"from": [7.3, 6.60858, 17.8],
			"to": [7.7, 6.70858, 18.1],
			"rotation": {"angle": 0, "axis": "y", "origin": [7.5, 7.70858, 18.15]},
			"faces": {
				"north": {"uv": [16, 0, 0, 16], "texture": "#10"},
				"east": {"uv": [16, 0, 0, 16], "texture": "#10"},
				"south": {"uv": [16, 0, 0, 16], "texture": "#10"},
				"west": {"uv": [16, 0, 0, 16], "texture": "#10"},
				"up": {"uv": [16, 0, 0, 16], "texture": "#10"},
				"down": {"uv": [16, 0, 0, 16], "texture": "#10"}
			}
		},
		{
			"from": [7.3, 6.70858, 17.6],
			"to": [7.7, 6.80858, 17.9],
			"rotation": {"angle": 0, "axis": "y", "origin": [7.5, 7.80858, 17.95]},
			"faces": {
				"north": {"uv": [16, 0, 0, 16], "texture": "#10"},
				"east": {"uv": [16, 0, 0, 16], "texture": "#10"},
				"south": {"uv": [16, 0, 0, 16], "texture": "#10"},
				"west": {"uv": [16, 0, 0, 16], "texture": "#10"},
				"up": {"uv": [16, 0, 0, 16], "texture": "#10"},
				"down": {"uv": [16, 0, 0, 16], "texture": "#10"}
			}
		},
		{
			"from": [7.3, 6.80858, 17.3],
			"to": [7.7, 6.90858, 17.7],
			"rotation": {"angle": 0, "axis": "y", "origin": [7.5, 7.90858, 17.75]},
			"faces": {
				"north": {"uv": [16, 0, 0, 16], "texture": "#10"},
				"east": {"uv": [16, 0, 0, 16], "texture": "#10"},
				"south": {"uv": [16, 0, 0, 16], "texture": "#10"},
				"west": {"uv": [16, 0, 0, 16], "texture": "#10"},
				"up": {"uv": [16, 0, 0, 16], "texture": "#10"},
				"down": {"uv": [16, 0, 0, 16], "texture": "#10"}
			}
		},
		{
			"from": [7.3, 6.90858, 16.9],
			"to": [7.7, 7.00858, 17.3],
			"rotation": {"angle": 0, "axis": "y", "origin": [7.5, 8.00858, 17.35]},
			"faces": {
				"north": {"uv": [16, 0, 0, 16], "texture": "#10"},
				"east": {"uv": [16, 0, 0, 16], "texture": "#10"},
				"south": {"uv": [16, 0, 0, 16], "texture": "#10"},
				"west": {"uv": [16, 0, 0, 16], "texture": "#10"},
				"up": {"uv": [16, 0, 0, 16], "texture": "#10"},
				"down": {"uv": [16, 0, 0, 16], "texture": "#10"}
			}
		},
		{
			"from": [7.3, 7.00858, 16.7],
			"to": [7.7, 7.10858, 16.9],
			"rotation": {"angle": 0, "axis": "y", "origin": [7.5, 8.00858, 16.95]},
			"faces": {
				"north": {"uv": [16, 0, 0, 16], "texture": "#10"},
				"east": {"uv": [16, 0, 0, 16], "texture": "#10"},
				"south": {"uv": [16, 0, 0, 16], "texture": "#10"},
				"west": {"uv": [16, 0, 0, 16], "texture": "#10"},
				"up": {"uv": [16, 0, 0, 16], "texture": "#10"},
				"down": {"uv": [16, 0, 0, 16], "texture": "#10"}
			}
		},
		{
			"from": [7.4, 6.30858, 18.5],
			"to": [7.6, 6.40858, 18.9],
			"rotation": {"angle": 0, "axis": "y", "origin": [7.5, 7.40858, 18.95]},
			"faces": {
				"north": {"uv": [16, 0, 0, 16], "texture": "#10"},
				"east": {"uv": [16, 0, 0, 16], "texture": "#10"},
				"south": {"uv": [16, 0, 0, 16], "texture": "#10"},
				"west": {"uv": [16, 0, 0, 16], "texture": "#10"},
				"up": {"uv": [16, 0, 0, 16], "texture": "#10"},
				"down": {"uv": [16, 0, 0, 16], "texture": "#10"}
			}
		},
		{
			"from": [7.4, 6.10858, 19],
			"to": [7.6, 6.20858, 19.4],
			"rotation": {"angle": 0, "axis": "y", "origin": [7.5, 7.20858, 19.45]},
			"faces": {
				"north": {"uv": [16, 0, 0, 16], "texture": "#10"},
				"east": {"uv": [16, 0, 0, 16], "texture": "#10"},
				"south": {"uv": [16, 0, 0, 16], "texture": "#10"},
				"west": {"uv": [16, 0, 0, 16], "texture": "#10"},
				"up": {"uv": [16, 0, 0, 16], "texture": "#10"},
				"down": {"uv": [16, 0, 0, 16], "texture": "#10"}
			}
		},
		{
			"from": [7.4, 5.70858, 20],
			"to": [7.6, 5.80858, 20.4],
			"rotation": {"angle": 0, "axis": "y", "origin": [7.5, 6.70858, 20.45]},
			"faces": {
				"north": {"uv": [16, 0, 0, 16], "texture": "#10"},
				"east": {"uv": [16, 0, 0, 16], "texture": "#10"},
				"south": {"uv": [16, 0, 0, 16], "texture": "#10"},
				"west": {"uv": [16, 0, 0, 16], "texture": "#10"},
				"up": {"uv": [16, 0, 0, 16], "texture": "#10"},
				"down": {"uv": [16, 0, 0, 16], "texture": "#10"}
			}
		},
		{
			"from": [7.4, 5.50858, 20.5],
			"to": [7.6, 5.60858, 20.9],
			"rotation": {"angle": 0, "axis": "y", "origin": [7.5, 6.50858, 20.95]},
			"faces": {
				"north": {"uv": [16, 0, 0, 16], "texture": "#10"},
				"east": {"uv": [16, 0, 0, 16], "texture": "#10"},
				"south": {"uv": [16, 0, 0, 16], "texture": "#10"},
				"west": {"uv": [16, 0, 0, 16], "texture": "#10"},
				"up": {"uv": [16, 0, 0, 16], "texture": "#10"},
				"down": {"uv": [16, 0, 0, 16], "texture": "#10"}
			}
		},
		{
			"from": [7.4, 5.10858, 21.6],
			"to": [7.6, 5.20858, 21.7],
			"rotation": {"angle": 0, "axis": "y", "origin": [7.5, 6.10858, 21.75]},
			"faces": {
				"north": {"uv": [16, 0, 0, 16], "texture": "#10"},
				"east": {"uv": [16, 0, 0, 16], "texture": "#10"},
				"south": {"uv": [16, 0, 0, 16], "texture": "#10"},
				"west": {"uv": [16, 0, 0, 16], "texture": "#10"},
				"up": {"uv": [16, 0, 0, 16], "texture": "#10"},
				"down": {"uv": [16, 0, 0, 16], "texture": "#10"}
			}
		},
		{
			"from": [7.4, 7.30858, 18.7],
			"to": [7.6, 7.40858, 19],
			"rotation": {"angle": 0, "axis": "y", "origin": [7.5, 8.00858, 19.35]},
			"faces": {
				"north": {"uv": [16, 0, 0, 16], "texture": "#10"},
				"east": {"uv": [16, 0, 0, 16], "texture": "#10"},
				"south": {"uv": [16, 0, 0, 16], "texture": "#10"},
				"west": {"uv": [16, 0, 0, 16], "texture": "#10"},
				"up": {"uv": [16, 0, 0, 16], "texture": "#10"},
				"down": {"uv": [16, 0, 0, 16], "texture": "#10"}
			}
		},
		{
			"from": [7.3, 7.50858, 17.3],
			"to": [7.7, 7.60858, 17.5],
			"rotation": {"angle": 0, "axis": "y", "origin": [7.5, 8.20858, 18.35]},
			"faces": {
				"north": {"uv": [16, 0, 0, 16], "texture": "#10"},
				"east": {"uv": [16, 0, 0, 16], "texture": "#10"},
				"south": {"uv": [16, 0, 0, 16], "texture": "#10"},
				"west": {"uv": [16, 0, 0, 16], "texture": "#10"},
				"up": {"uv": [16, 0, 0, 16], "texture": "#10"},
				"down": {"uv": [16, 0, 0, 16], "texture": "#10"}
			}
		},
		{
			"from": [7.2, 7.00858, 16.9],
			"to": [7.8, 7.60858, 17.1],
			"rotation": {"angle": 0, "axis": "y", "origin": [7.5, 7.70858, 17.95]},
			"faces": {
				"north": {"uv": [16, 0, 0, 16], "texture": "#10"},
				"east": {"uv": [16, 0, 0, 16], "texture": "#10"},
				"south": {"uv": [16, 0, 0, 16], "texture": "#10"},
				"west": {"uv": [16, 0, 0, 16], "texture": "#10"},
				"up": {"uv": [16, 0, 0, 16], "texture": "#10"},
				"down": {"uv": [16, 0, 0, 16], "texture": "#10"}
			}
		},
		{
			"from": [7.2, 7.00858, 17.1],
			"to": [7.8, 7.50858, 17.3],
			"rotation": {"angle": 0, "axis": "y", "origin": [7.5, 7.60858, 18.15]},
			"faces": {
				"north": {"uv": [16, 0, 0, 16], "texture": "#10"},
				"east": {"uv": [16, 0, 0, 16], "texture": "#10"},
				"south": {"uv": [16, 0, 0, 16], "texture": "#10"},
				"west": {"uv": [16, 0, 0, 16], "texture": "#10"},
				"up": {"uv": [16, 0, 0, 16], "texture": "#10"},
				"down": {"uv": [16, 0, 0, 16], "texture": "#10"}
			}
		},
		{
			"from": [7.2, 6.90858, 17.3],
			"to": [7.8, 7.50858, 17.5],
			"rotation": {"angle": 0, "axis": "y", "origin": [7.5, 7.60858, 18.35]},
			"faces": {
				"north": {"uv": [16, 0, 0, 16], "texture": "#10"},
				"east": {"uv": [16, 0, 0, 16], "texture": "#10"},
				"south": {"uv": [16, 0, 0, 16], "texture": "#10"},
				"west": {"uv": [16, 0, 0, 16], "texture": "#10"},
				"up": {"uv": [16, 0, 0, 16], "texture": "#10"},
				"down": {"uv": [16, 0, 0, 16], "texture": "#10"}
			}
		},
		{
			"from": [7.2, 6.90858, 17.5],
			"to": [7.8, 7.40858, 17.7],
			"rotation": {"angle": 0, "axis": "y", "origin": [7.5, 7.60858, 18.55]},
			"faces": {
				"north": {"uv": [16, 0, 0, 16], "texture": "#10"},
				"east": {"uv": [16, 0, 0, 16], "texture": "#10"},
				"south": {"uv": [16, 0, 0, 16], "texture": "#10"},
				"west": {"uv": [16, 0, 0, 16], "texture": "#10"},
				"up": {"uv": [16, 0, 0, 16], "texture": "#10"},
				"down": {"uv": [16, 0, 0, 16], "texture": "#10"}
			}
		},
		{
			"from": [7.2, 6.80858, 17.7],
			"to": [7.8, 7.40858, 17.9],
			"rotation": {"angle": 0, "axis": "y", "origin": [7.5, 7.60858, 18.75]},
			"faces": {
				"north": {"uv": [16, 0, 0, 16], "texture": "#10"},
				"east": {"uv": [16, 0, 0, 16], "texture": "#10"},
				"south": {"uv": [16, 0, 0, 16], "texture": "#10"},
				"west": {"uv": [16, 0, 0, 16], "texture": "#10"},
				"up": {"uv": [16, 0, 0, 16], "texture": "#10"},
				"down": {"uv": [16, 0, 0, 16], "texture": "#10"}
			}
		},
		{
			"from": [7.2, 6.70858, 17.9],
			"to": [7.8, 7.30858, 18.1],
			"rotation": {"angle": 0, "axis": "y", "origin": [7.5, 7.60858, 18.95]},
			"faces": {
				"north": {"uv": [16, 0, 0, 16], "texture": "#10"},
				"east": {"uv": [16, 0, 0, 16], "texture": "#10"},
				"south": {"uv": [16, 0, 0, 16], "texture": "#10"},
				"west": {"uv": [16, 0, 0, 16], "texture": "#10"},
				"up": {"uv": [16, 0, 0, 16], "texture": "#10"},
				"down": {"uv": [16, 0, 0, 16], "texture": "#10"}
			}
		},
		{
			"from": [7.3, 6.60858, 18.1],
			"to": [7.7, 7.20858, 18.3],
			"rotation": {"angle": 0, "axis": "y", "origin": [7.5, 7.60858, 19.15]},
			"faces": {
				"north": {"uv": [16, 0, 0, 16], "texture": "#10"},
				"east": {"uv": [16, 0, 0, 16], "texture": "#10"},
				"south": {"uv": [16, 0, 0, 16], "texture": "#10"},
				"west": {"uv": [16, 0, 0, 16], "texture": "#10"},
				"up": {"uv": [16, 0, 0, 16], "texture": "#10"},
				"down": {"uv": [16, 0, 0, 16], "texture": "#10"}
			}
		},
		{
			"from": [7.3, 6.50858, 18.3],
			"to": [7.7, 7.10858, 18.5],
			"rotation": {"angle": 0, "axis": "y", "origin": [7.5, 7.60858, 19.35]},
			"faces": {
				"north": {"uv": [16, 0, 0, 16], "texture": "#10"},
				"east": {"uv": [16, 0, 0, 16], "texture": "#10"},
				"south": {"uv": [16, 0, 0, 16], "texture": "#10"},
				"west": {"uv": [16, 0, 0, 16], "texture": "#10"},
				"up": {"uv": [16, 0, 0, 16], "texture": "#10"},
				"down": {"uv": [16, 0, 0, 16], "texture": "#10"}
			}
		},
		{
			"from": [7.3, 6.50858, 18.5],
			"to": [7.7, 7.10858, 19.4],
			"rotation": {"angle": 0, "axis": "y", "origin": [7.5, 7.60858, 19.55]},
			"faces": {
				"north": {"uv": [16, 0, 0, 16], "texture": "#10"},
				"east": {"uv": [16, 0, 0, 16], "texture": "#10"},
				"south": {"uv": [16, 0, 0, 16], "texture": "#10"},
				"west": {"uv": [16, 0, 0, 16], "texture": "#10"},
				"up": {"uv": [16, 0, 0, 16], "texture": "#10"},
				"down": {"uv": [16, 0, 0, 16], "texture": "#10"}
			}
		},
		{
			"from": [7.3, 6.50858, 19.4],
			"to": [7.7, 7.00858, 20.3],
			"rotation": {"angle": 0, "axis": "y", "origin": [7.5, 7.60858, 20.45]},
			"faces": {
				"north": {"uv": [16, 0, 0, 16], "texture": "#10"},
				"east": {"uv": [16, 0, 0, 16], "texture": "#10"},
				"south": {"uv": [16, 0, 0, 16], "texture": "#10"},
				"west": {"uv": [16, 0, 0, 16], "texture": "#10"},
				"up": {"uv": [16, 0, 0, 16], "texture": "#10"},
				"down": {"uv": [16, 0, 0, 16], "texture": "#10"}
			}
		},
		{
			"from": [7.3, 6.50858, 20.3],
			"to": [7.7, 6.90858, 21.2],
			"rotation": {"angle": 0, "axis": "y", "origin": [7.5, 7.60858, 21.35]},
			"faces": {
				"north": {"uv": [16, 0, 0, 16], "texture": "#10"},
				"east": {"uv": [16, 0, 0, 16], "texture": "#10"},
				"south": {"uv": [16, 0, 0, 16], "texture": "#10"},
				"west": {"uv": [16, 0, 0, 16], "texture": "#10"},
				"up": {"uv": [16, 0, 0, 16], "texture": "#10"},
				"down": {"uv": [16, 0, 0, 16], "texture": "#10"}
			}
		},
		{
			"from": [7.3, 6.50858, 21.2],
			"to": [7.7, 6.80858, 22.1],
			"rotation": {"angle": 0, "axis": "y", "origin": [7.5, 7.60858, 22.25]},
			"faces": {
				"north": {"uv": [16, 0, 0, 16], "texture": "#10"},
				"east": {"uv": [16, 0, 0, 16], "texture": "#10"},
				"south": {"uv": [16, 0, 0, 16], "texture": "#10"},
				"west": {"uv": [16, 0, 0, 16], "texture": "#10"},
				"up": {"uv": [16, 0, 0, 16], "texture": "#10"},
				"down": {"uv": [16, 0, 0, 16], "texture": "#10"}
			}
		},
		{
			"from": [7.3, 6.30858, 22.1],
			"to": [7.7, 6.80858, 22.4],
			"rotation": {"angle": 0, "axis": "y", "origin": [7.5, 7.60858, 22.55]},
			"faces": {
				"north": {"uv": [16, 0, 0, 16], "texture": "#10"},
				"east": {"uv": [16, 0, 0, 16], "texture": "#10"},
				"south": {"uv": [16, 0, 0, 16], "texture": "#10"},
				"west": {"uv": [16, 0, 0, 16], "texture": "#10"},
				"up": {"uv": [16, 0, 0, 16], "texture": "#10"},
				"down": {"uv": [16, 0, 0, 16], "texture": "#10"}
			}
		},
		{
			"from": [7.3, 5.20858, 22],
			"to": [7.7, 6.30858, 22.3],
			"rotation": {"angle": 0, "axis": "y", "origin": [7.5, 7.10858, 22.45]},
			"faces": {
				"north": {"uv": [16, 0, 0, 16], "texture": "#10"},
				"east": {"uv": [16, 0, 0, 16], "texture": "#10"},
				"south": {"uv": [16, 0, 0, 16], "texture": "#10"},
				"west": {"uv": [16, 0, 0, 16], "texture": "#10"},
				"up": {"uv": [16, 0, 0, 16], "texture": "#10"},
				"down": {"uv": [16, 0, 0, 16], "texture": "#10"}
			}
		},
		{
			"from": [7.3, 5.00858, 22.1],
			"to": [7.7, 5.20858, 22.3],
			"rotation": {"angle": 0, "axis": "y", "origin": [7.5, 6.00858, 22.45]},
			"faces": {
				"north": {"uv": [16, 0, 0, 16], "texture": "#10"},
				"east": {"uv": [16, 0, 0, 16], "texture": "#10"},
				"south": {"uv": [16, 0, 0, 16], "texture": "#10"},
				"west": {"uv": [16, 0, 0, 16], "texture": "#10"},
				"up": {"uv": [16, 0, 0, 16], "texture": "#10"},
				"down": {"uv": [16, 0, 0, 16], "texture": "#10"}
			}
		},
		{
			"from": [7.3, 5.10858, 22],
			"to": [7.7, 5.20858, 22.1],
			"rotation": {"angle": 0, "axis": "y", "origin": [7.5, 6.00858, 22.25]},
			"faces": {
				"north": {"uv": [16, 0, 0, 16], "texture": "#10"},
				"east": {"uv": [16, 0, 0, 16], "texture": "#10"},
				"south": {"uv": [16, 0, 0, 16], "texture": "#10"},
				"west": {"uv": [16, 0, 0, 16], "texture": "#10"},
				"up": {"uv": [16, 0, 0, 16], "texture": "#10"},
				"down": {"uv": [16, 0, 0, 16], "texture": "#10"}
			}
		},
		{
			"from": [7.3, 6.30858, 18.9],
			"to": [7.7, 6.50858, 22.1],
			"rotation": {"angle": 0, "axis": "y", "origin": [7.5, 7.20858, 22.25]},
			"faces": {
				"north": {"uv": [16, 0, 0, 16], "texture": "#10"},
				"east": {"uv": [16, 0, 0, 16], "texture": "#10"},
				"south": {"uv": [16, 0, 0, 16], "texture": "#10"},
				"west": {"uv": [16, 0, 0, 16], "texture": "#10"},
				"up": {"uv": [16, 0, 0, 16], "texture": "#10"},
				"down": {"uv": [16, 0, 0, 16], "texture": "#10"}
			}
		},
		{
			"from": [7.3, 6.10858, 19.4],
			"to": [7.7, 6.30858, 22],
			"rotation": {"angle": 0, "axis": "y", "origin": [7.5, 7.00858, 22.15]},
			"faces": {
				"north": {"uv": [16, 0, 0, 16], "texture": "#10"},
				"east": {"uv": [16, 0, 0, 16], "texture": "#10"},
				"south": {"uv": [16, 0, 0, 16], "texture": "#10"},
				"west": {"uv": [16, 0, 0, 16], "texture": "#10"},
				"up": {"uv": [16, 0, 0, 16], "texture": "#10"},
				"down": {"uv": [16, 0, 0, 16], "texture": "#10"}
			}
		},
		{
			"from": [7.3, 5.90858, 19.9],
			"to": [7.7, 6.10858, 22],
			"rotation": {"angle": 0, "axis": "y", "origin": [7.5, 6.80858, 22.15]},
			"faces": {
				"north": {"uv": [16, 0, 0, 16], "texture": "#10"},
				"east": {"uv": [16, 0, 0, 16], "texture": "#10"},
				"south": {"uv": [16, 0, 0, 16], "texture": "#10"},
				"west": {"uv": [16, 0, 0, 16], "texture": "#10"},
				"up": {"uv": [16, 0, 0, 16], "texture": "#10"},
				"down": {"uv": [16, 0, 0, 16], "texture": "#10"}
			}
		},
		{
			"from": [7.3, 5.70858, 20.4],
			"to": [7.7, 5.90858, 22],
			"rotation": {"angle": 0, "axis": "y", "origin": [7.5, 6.60858, 22.15]},
			"faces": {
				"north": {"uv": [16, 0, 0, 16], "texture": "#10"},
				"east": {"uv": [16, 0, 0, 16], "texture": "#10"},
				"south": {"uv": [16, 0, 0, 16], "texture": "#10"},
				"west": {"uv": [16, 0, 0, 16], "texture": "#10"},
				"up": {"uv": [16, 0, 0, 16], "texture": "#10"},
				"down": {"uv": [16, 0, 0, 16], "texture": "#10"}
			}
		},
		{
			"from": [7.3, 5.50858, 20.9],
			"to": [7.7, 5.70858, 22],
			"rotation": {"angle": 0, "axis": "y", "origin": [7.5, 6.40858, 22.15]},
			"faces": {
				"north": {"uv": [16, 0, 0, 16], "texture": "#10"},
				"east": {"uv": [16, 0, 0, 16], "texture": "#10"},
				"south": {"uv": [16, 0, 0, 16], "texture": "#10"},
				"west": {"uv": [16, 0, 0, 16], "texture": "#10"},
				"up": {"uv": [16, 0, 0, 16], "texture": "#10"},
				"down": {"uv": [16, 0, 0, 16], "texture": "#10"}
			}
		},
		{
			"from": [7.3, 5.30858, 21.5],
			"to": [7.7, 5.50858, 22],
			"rotation": {"angle": 0, "axis": "y", "origin": [7.5, 6.20858, 22.15]},
			"faces": {
				"north": {"uv": [16, 0, 0, 16], "texture": "#10"},
				"east": {"uv": [16, 0, 0, 16], "texture": "#10"},
				"south": {"uv": [16, 0, 0, 16], "texture": "#10"},
				"west": {"uv": [16, 0, 0, 16], "texture": "#10"},
				"up": {"uv": [16, 0, 0, 16], "texture": "#10"},
				"down": {"uv": [16, 0, 0, 16], "texture": "#10"}
			}
		},
		{
			"from": [7.3, 5.20858, 21.7],
			"to": [7.7, 5.30858, 22],
			"rotation": {"angle": 0, "axis": "y", "origin": [7.5, 6.00858, 22.15]},
			"faces": {
				"north": {"uv": [16, 0, 0, 16], "texture": "#10"},
				"east": {"uv": [16, 0, 0, 16], "texture": "#10"},
				"south": {"uv": [16, 0, 0, 16], "texture": "#10"},
				"west": {"uv": [16, 0, 0, 16], "texture": "#10"},
				"up": {"uv": [16, 0, 0, 16], "texture": "#10"},
				"down": {"uv": [16, 0, 0, 16], "texture": "#10"}
			}
		},
		{
			"from": [7.2, 7.20858, 12.9],
			"to": [7.8, 7.30858, 15.8],
			"rotation": {"angle": 0, "axis": "y", "origin": [7.5, 7.30858, 13.95]},
			"faces": {
				"north": {"uv": [16, 0, 0, 16], "texture": "#10"},
				"east": {"uv": [16, 0, 0, 16], "texture": "#10"},
				"south": {"uv": [16, 0, 0, 16], "texture": "#10"},
				"west": {"uv": [16, 0, 0, 16], "texture": "#10"},
				"up": {"uv": [16, 0, 0, 16], "texture": "#10"},
				"down": {"uv": [16, 0, 0, 16], "texture": "#10"}
			}
		},
		{
			"from": [7.3, 7.00858, 12.9],
			"to": [7.7, 7.20858, 15.8],
			"rotation": {"angle": 0, "axis": "y", "origin": [7.5, 7.10858, 13.95]},
			"faces": {
				"north": {"uv": [16, 0, 0, 16], "texture": "#10"},
				"east": {"uv": [16, 0, 0, 16], "texture": "#10"},
				"south": {"uv": [16, 0, 0, 16], "texture": "#10"},
				"west": {"uv": [16, 0, 0, 16], "texture": "#10"},
				"up": {"uv": [16, 0, 0, 16], "texture": "#10"},
				"down": {"uv": [16, 0, 0, 16], "texture": "#10"}
			}
		},
		{
			"from": [7.3, 7.00858, 15.8],
			"to": [7.7, 7.20858, 16.7],
			"rotation": {"angle": 0, "axis": "y", "origin": [7.5, 7.10858, 14.85]},
			"faces": {
				"north": {"uv": [16, 0, 0, 16], "texture": "#10"},
				"east": {"uv": [16, 0, 0, 16], "texture": "#10"},
				"south": {"uv": [16, 0, 0, 16], "texture": "#10"},
				"west": {"uv": [16, 0, 0, 16], "texture": "#10"},
				"up": {"uv": [16, 0, 0, 16], "texture": "#10"},
				"down": {"uv": [16, 0, 0, 16], "texture": "#10"}
			}
		},
		{
			"from": [7.2, 7.20858, 11.7],
			"to": [7.8, 7.40858, 12.9],
			"rotation": {"angle": 0, "axis": "y", "origin": [7.5, 7.30858, 12.05]},
			"faces": {
				"north": {"uv": [16, 0, 0, 16], "texture": "#10"},
				"east": {"uv": [16, 0, 0, 16], "texture": "#10"},
				"south": {"uv": [16, 0, 0, 16], "texture": "#10"},
				"west": {"uv": [16, 0, 0, 16], "texture": "#10"},
				"up": {"uv": [16, 0, 0, 16], "texture": "#10"},
				"down": {"uv": [16, 0, 0, 16], "texture": "#10"}
			}
		},
		{
			"from": [7.3, 7.10858, 11.7],
			"to": [7.7, 7.20858, 12.9],
			"rotation": {"angle": 0, "axis": "y", "origin": [7.5, 7.10858, 12.05]},
			"faces": {
				"north": {"uv": [16, 0, 0, 16], "texture": "#10"},
				"east": {"uv": [16, 0, 0, 16], "texture": "#10"},
				"south": {"uv": [16, 0, 0, 16], "texture": "#10"},
				"west": {"uv": [16, 0, 0, 16], "texture": "#10"},
				"up": {"uv": [16, 0, 0, 16], "texture": "#10"},
				"down": {"uv": [16, 0, 0, 16], "texture": "#10"}
			}
		},
		{
			"from": [7.3, 7.20858, 10.5],
			"to": [7.7, 7.40858, 11.7],
			"rotation": {"angle": 0, "axis": "y", "origin": [7.5, 7.30858, 10.85]},
			"faces": {
				"north": {"uv": [16, 0, 0, 16], "texture": "#10"},
				"east": {"uv": [16, 0, 0, 16], "texture": "#10"},
				"south": {"uv": [16, 0, 0, 16], "texture": "#10"},
				"west": {"uv": [16, 0, 0, 16], "texture": "#10"},
				"up": {"uv": [16, 0, 0, 16], "texture": "#10"},
				"down": {"uv": [16, 0, 0, 16], "texture": "#10"}
			}
		},
		{
			"from": [7.3, 7.30858, 9],
			"to": [7.7, 7.40858, 10.5],
			"rotation": {"angle": 0, "axis": "y", "origin": [7.5, 7.30858, 9.65]},
			"faces": {
				"north": {"uv": [16, 0, 0, 16], "texture": "#10"},
				"east": {"uv": [16, 0, 0, 16], "texture": "#10"},
				"south": {"uv": [16, 0, 0, 16], "texture": "#10"},
				"west": {"uv": [16, 0, 0, 16], "texture": "#10"},
				"up": {"uv": [16, 0, 0, 16], "texture": "#10"},
				"down": {"uv": [16, 0, 0, 16], "texture": "#10"}
			}
		},
		{
			"from": [7.3, 8.00858, 4.3],
			"to": [7.7, 8.15858, 9],
			"rotation": {"angle": 0, "axis": "y", "origin": [7.5, 8.35858, 5.35]},
			"faces": {
				"north": {"uv": [16, 0, 0, 16], "texture": "#10"},
				"east": {"uv": [16, 0, 0, 16], "texture": "#10"},
				"south": {"uv": [16, 0, 0, 16], "texture": "#10"},
				"west": {"uv": [16, 0, 0, 16], "texture": "#10"},
				"up": {"uv": [16, 0, 0, 16], "texture": "#10"},
				"down": {"uv": [16, 0, 0, 16], "texture": "#10"}
			}
		},
		{
			"from": [7.3, 8.15858, 6.3],
			"to": [7.7, 8.30858, 9],
			"rotation": {"angle": 0, "axis": "y", "origin": [7.5, 8.50858, 5.35]},
			"faces": {
				"north": {"uv": [16, 0, 0, 16], "texture": "#10"},
				"east": {"uv": [16, 0, 0, 16], "texture": "#10"},
				"south": {"uv": [16, 0, 0, 16], "texture": "#10"},
				"west": {"uv": [16, 0, 0, 16], "texture": "#10"},
				"up": {"uv": [16, 0, 0, 16], "texture": "#10"},
				"down": {"uv": [16, 0, 0, 16], "texture": "#10"}
			}
		}
	],
	"display": {
		"thirdperson_righthand": {
			"rotation": [5, -17, 0],
			"translation": [0.75, 1.35, -7.25],
			"scale": [1.01, 1.01, 1.01]
		},
		"thirdperson_lefthand": {
			"rotation": [5, -17, 0],
			"translation": [0, 1.35, -7.5],
			"scale": [1.01, 1.01, 1.01]
		},
		"firstperson_righthand": {
			"rotation": [0, -10, 0],
			"translation": [1.65, 17.35, 1]
		},
		"firstperson_lefthand": {
			"rotation": [0, -9.9, 0],
			"translation": [0.65, 17.35, 1]
		},
		"ground": {
			"rotation": [0, 0, 90]
		},
		"gui": {
			"rotation": [90, 45, -90]
		},
		"fixed": {
			"rotation": [90, 90, -90],
			"translation": [-13.25, 0, -3.25],
			"scale": [2, 2, 2]
		}
	}
}