{
	"credit": "Made with Blockbench",
	"textures": {
		"1": "blocks/greyf",
		"3": "blocks/greyc",
		"5": "blocks/green",
		"particle": "blocks/brown"
	},
	"elements": [
		{
			"from": [7.6, 0.32071, 8],
			"to": [8.3, 2.07071, 8.15],
			"rotation": {"angle": 0, "axis": "z", "origin": [7.95, 1.24571, 8.075]},
			"faces": {
				"north": {"uv": [16, 0, 0, 16], "texture": "#5"},
				"east": {"uv": [16, 0, 0, 16], "texture": "#5"},
				"south": {"uv": [16, 0, 0, 16], "texture": "#5"},
				"west": {"uv": [16, 0, 0, 16], "texture": "#5"},
				"up": {"uv": [16, 0, 0, 16], "texture": "#5"},
				"down": {"uv": [16, 0, 0, 16], "texture": "#5"}
			}
		},
		{
			"from": [7.6, 0.32071, 8],
			"to": [8.3, 2.07071, 8.15],
			"rotation": {"angle": 22.5, "axis": "y", "origin": [7.95, 1.24571, 8.075]},
			"faces": {
				"north": {"uv": [16, 0, 0, 16], "texture": "#5"},
				"east": {"uv": [16, 0, 0, 16], "texture": "#5"},
				"south": {"uv": [16, 0, 0, 16], "texture": "#5"},
				"west": {"uv": [16, 0, 0, 16], "texture": "#5"},
				"up": {"uv": [16, 0, 0, 16], "texture": "#5"},
				"down": {"uv": [16, 0, 0, 16], "texture": "#5"}
			}
		},
		{
			"from": [7.6, 0.32071, 8],
			"to": [8.3, 2.07071, 8.15],
			"rotation": {"angle": 45, "axis": "y", "origin": [7.95, 1.24571, 8.075]},
			"faces": {
				"north": {"uv": [16, 0, 0, 16], "texture": "#5"},
				"east": {"uv": [16, 0, 0, 16], "texture": "#5"},
				"south": {"uv": [16, 0, 0, 16], "texture": "#5"},
				"west": {"uv": [16, 0, 0, 16], "texture": "#5"},
				"up": {"uv": [16, 0, 0, 16], "texture": "#5"},
				"down": {"uv": [16, 0, 0, 16], "texture": "#5"}
			}
		},
		{
			"from": [7.875, 0.32071, 7.725],
			"to": [8.025, 2.07071, 8.425],
			"rotation": {"angle": -22.5, "axis": "y", "origin": [7.95, 1.24571, 8.075]},
			"faces": {
				"north": {"uv": [16, 0, 0, 16], "texture": "#5"},
				"east": {"uv": [16, 0, 0, 16], "texture": "#5"},
				"south": {"uv": [16, 0, 0, 16], "texture": "#5"},
				"west": {"uv": [16, 0, 0, 16], "texture": "#5"},
				"up": {"uv": [16, 0, 0, 16], "rotation": 270, "texture": "#5"},
				"down": {"uv": [16, 0, 0, 16], "rotation": 90, "texture": "#5"}
			}
		},
		{
			"from": [7.875, 2.07071, 7.875],
			"to": [8.025, 2.22071, 8.275],
			"rotation": {"angle": -22.5, "axis": "y", "origin": [7.95, 2.99571, 8.075]},
			"faces": {
				"north": {"uv": [16, 0, 0, 16], "texture": "#5"},
				"east": {"uv": [16, 0, 0, 16], "texture": "#5"},
				"south": {"uv": [16, 0, 0, 16], "texture": "#5"},
				"west": {"uv": [16, 0, 0, 16], "texture": "#5"},
				"up": {"uv": [16, 0, 0, 16], "rotation": 270, "texture": "#5"},
				"down": {"uv": [16, 0, 0, 16], "rotation": 90, "texture": "#5"}
			}
		},
		{
			"from": [7.75, 2.07071, 8],
			"to": [8.15, 2.22071, 8.15],
			"rotation": {"angle": 22.5, "axis": "y", "origin": [7.95, 2.99571, 8.075]},
			"faces": {
				"north": {"uv": [16, 0, 0, 16], "texture": "#5"},
				"east": {"uv": [16, 0, 0, 16], "texture": "#5"},
				"south": {"uv": [16, 0, 0, 16], "texture": "#5"},
				"west": {"uv": [16, 0, 0, 16], "texture": "#5"},
				"up": {"uv": [16, 0, 0, 16], "texture": "#5"},
				"down": {"uv": [16, 0, 0, 16], "texture": "#5"}
			}
		},
		{
			"from": [7.75, 2.07071, 8],
			"to": [8.15, 2.22071, 8.15],
			"rotation": {"angle": -22.5, "axis": "y", "origin": [7.95, 2.99571, 8.075]},
			"faces": {
				"north": {"uv": [16, 0, 0, 16], "texture": "#5"},
				"east": {"uv": [16, 0, 0, 16], "texture": "#5"},
				"south": {"uv": [16, 0, 0, 16], "texture": "#5"},
				"west": {"uv": [16, 0, 0, 16], "texture": "#5"},
				"up": {"uv": [16, 0, 0, 16], "texture": "#5"},
				"down": {"uv": [16, 0, 0, 16], "texture": "#5"}
			}
		},
		{
			"from": [7.875, 2.07071, 7.875],
			"to": [8.025, 2.22071, 8.275],
			"rotation": {"angle": 22.5, "axis": "y", "origin": [7.95, 2.99571, 8.075]},
			"faces": {
				"north": {"uv": [16, 0, 0, 16], "texture": "#5"},
				"east": {"uv": [16, 0, 0, 16], "texture": "#5"},
				"south": {"uv": [16, 0, 0, 16], "texture": "#5"},
				"west": {"uv": [16, 0, 0, 16], "texture": "#5"},
				"up": {"uv": [16, 0, 0, 16], "rotation": 90, "texture": "#5"},
				"down": {"uv": [16, 0, 0, 16], "rotation": 270, "texture": "#5"}
			}
		},
		{
			"from": [7.875, 2.22071, 7.775],
			"to": [8.025, 2.37071, 8.375],
			"rotation": {"angle": 22.5, "axis": "y", "origin": [7.95, 3.14571, 8.075]},
			"faces": {
				"north": {"uv": [16, 0, 0, 16], "texture": "#3"},
				"east": {"uv": [16, 0, 0, 16], "texture": "#3"},
				"south": {"uv": [16, 0, 0, 16], "texture": "#3"},
				"west": {"uv": [16, 0, 0, 16], "texture": "#3"},
				"up": {"uv": [16, 0, 0, 16], "texture": "#3"},
				"down": {"uv": [16, 0, 0, 16], "texture": "#3"}
			}
		},
		{
			"from": [7.65, 2.22071, 8],
			"to": [8.25, 2.37071, 8.15],
			"rotation": {"angle": -22.5, "axis": "y", "origin": [7.95, 3.14571, 8.075]},
			"faces": {
				"north": {"uv": [16, 0, 0, 16], "texture": "#3"},
				"east": {"uv": [16, 0, 0, 16], "texture": "#3"},
				"south": {"uv": [16, 0, 0, 16], "texture": "#3"},
				"west": {"uv": [16, 0, 0, 16], "texture": "#3"},
				"up": {"uv": [16, 0, 0, 16], "rotation": 270, "texture": "#3"},
				"down": {"uv": [16, 0, 0, 16], "rotation": 90, "texture": "#3"}
			}
		},
		{
			"from": [7.65, 2.22071, 8],
			"to": [8.25, 2.37071, 8.15],
			"rotation": {"angle": 0, "axis": "y", "origin": [7.95, 3.14571, 8.075]},
			"faces": {
				"north": {"uv": [16, 0, 0, 16], "texture": "#3"},
				"east": {"uv": [16, 0, 0, 16], "texture": "#3"},
				"south": {"uv": [16, 0, 0, 16], "texture": "#3"},
				"west": {"uv": [16, 0, 0, 16], "texture": "#3"},
				"up": {"uv": [16, 0, 0, 16], "rotation": 270, "texture": "#3"},
				"down": {"uv": [16, 0, 0, 16], "rotation": 90, "texture": "#3"}
			}
		},
		{
			"from": [7.65, 2.22071, 8],
			"to": [8.25, 2.37071, 8.15],
			"rotation": {"angle": 22.5, "axis": "y", "origin": [7.95, 3.14571, 8.075]},
			"faces": {
				"north": {"uv": [16, 0, 0, 16], "texture": "#3"},
				"east": {"uv": [16, 0, 0, 16], "texture": "#3"},
				"south": {"uv": [16, 0, 0, 16], "texture": "#3"},
				"west": {"uv": [16, 0, 0, 16], "texture": "#3"},
				"up": {"uv": [16, 0, 0, 16], "rotation": 270, "texture": "#3"},
				"down": {"uv": [16, 0, 0, 16], "rotation": 90, "texture": "#3"}
			}
		},
		{
			"from": [7.65, 2.22071, 8],
			"to": [8.25, 2.37071, 8.15],
			"rotation": {"angle": 45, "axis": "y", "origin": [7.95, 3.14571, 8.075]},
			"faces": {
				"north": {"uv": [16, 0, 0, 16], "texture": "#3"},
				"east": {"uv": [16, 0, 0, 16], "texture": "#3"},
				"south": {"uv": [16, 0, 0, 16], "texture": "#3"},
				"west": {"uv": [16, 0, 0, 16], "texture": "#3"},
				"up": {"uv": [16, 0, 0, 16], "rotation": 270, "texture": "#3"},
				"down": {"uv": [16, 0, 0, 16], "rotation": 90, "texture": "#3"}
			}
		},
		{
			"from": [7.875, 2.22071, 7.775],
			"to": [8.025, 2.37071, 8.375],
			"rotation": {"angle": -22.5, "axis": "y", "origin": [7.95, 3.14571, 8.075]},
			"faces": {
				"north": {"uv": [16, 0, 0, 16], "texture": "#3"},
				"east": {"uv": [16, 0, 0, 16], "texture": "#3"},
				"south": {"uv": [16, 0, 0, 16], "texture": "#3"},
				"west": {"uv": [16, 0, 0, 16], "texture": "#3"},
				"up": {"uv": [16, 0, 0, 16], "rotation": 180, "texture": "#3"},
				"down": {"uv": [16, 0, 0, 16], "rotation": 180, "texture": "#3"}
			}
		},
		{
			"from": [7.875, 2.22071, 7.775],
			"to": [8.025, 2.37071, 8.375],
			"rotation": {"angle": 0, "axis": "y", "origin": [7.95, 3.14571, 8.075]},
			"faces": {
				"north": {"uv": [16, 0, 0, 16], "texture": "#3"},
				"east": {"uv": [16, 0, 0, 16], "texture": "#3"},
				"south": {"uv": [16, 0, 0, 16], "texture": "#3"},
				"west": {"uv": [16, 0, 0, 16], "texture": "#3"},
				"up": {"uv": [16, 0, 0, 16], "rotation": 180, "texture": "#3"},
				"down": {"uv": [16, 0, 0, 16], "rotation": 180, "texture": "#3"}
			}
		},
		{
			"from": [7.875, 2.37071, 7.775],
			"to": [8.025, 2.72071, 8.375],
			"rotation": {"angle": 0, "axis": "y", "origin": [7.95, 3.29571, 8.075]},
			"faces": {
				"north": {"uv": [16, 0, 0, 16], "rotation": 180, "texture": "#1"},
				"east": {"uv": [16, 0, 0, 16], "rotation": 180, "texture": "#1"},
				"south": {"uv": [16, 0, 0, 16], "rotation": 180, "texture": "#1"},
				"west": {"uv": [16, 0, 0, 16], "rotation": 180, "texture": "#1"},
				"up": {"uv": [16, 0, 0, 16], "rotation": 180, "texture": "#1"},
				"down": {"uv": [16, 0, 0, 16], "rotation": 180, "texture": "#1"}
			}
		},
		{
			"from": [7.575, 2.47071, 8.275],
			"to": [8.225, 2.52071, 8.325],
			"rotation": {"angle": 0, "axis": "y", "origin": [7.45, 3.29571, 8.075]},
			"faces": {
				"north": {"uv": [16, 0, 0, 16], "rotation": 180, "texture": "#3"},
				"east": {"uv": [16, 0, 0, 16], "rotation": 180, "texture": "#3"},
				"south": {"uv": [16, 0, 0, 16], "rotation": 180, "texture": "#3"},
				"west": {"uv": [16, 0, 0, 16], "rotation": 180, "texture": "#3"},
				"up": {"uv": [16, 0, 0, 16], "rotation": 180, "texture": "#3"},
				"down": {"uv": [16, 0, 0, 16], "rotation": 180, "texture": "#3"}
			}
		},
		{
			"from": [7.575, 2.42071, 8.175],
			"to": [7.625, 2.47071, 8.425],
			"rotation": {"angle": 0, "axis": "y", "origin": [6.85, 3.24571, 8.075]},
			"faces": {
				"north": {"uv": [16, 0, 0, 16], "rotation": 180, "texture": "#3"},
				"east": {"uv": [16, 0, 0, 16], "rotation": 180, "texture": "#3"},
				"south": {"uv": [16, 0, 0, 16], "rotation": 180, "texture": "#3"},
				"west": {"uv": [16, 0, 0, 16], "rotation": 180, "texture": "#3"},
				"up": {"uv": [16, 0, 0, 16], "rotation": 180, "texture": "#3"},
				"down": {"uv": [16, 0, 0, 16], "rotation": 180, "texture": "#3"}
			}
		},
		{
			"from": [7.575, 2.12071, 8.175],
			"to": [7.625, 2.17071, 8.425],
			"rotation": {"angle": 0, "axis": "y", "origin": [6.85, 2.94571, 8.075]},
			"faces": {
				"north": {"uv": [16, 0, 0, 16], "rotation": 180, "texture": "#3"},
				"east": {"uv": [16, 0, 0, 16], "rotation": 180, "texture": "#3"},
				"south": {"uv": [16, 0, 0, 16], "rotation": 180, "texture": "#3"},
				"west": {"uv": [16, 0, 0, 16], "rotation": 180, "texture": "#3"},
				"up": {"uv": [16, 0, 0, 16], "rotation": 180, "texture": "#3"},
				"down": {"uv": [16, 0, 0, 16], "rotation": 180, "texture": "#3"}
			}
		},
		{
			"from": [7.575, 2.17071, 8.425],
			"to": [7.625, 2.42071, 8.475],
			"rotation": {"angle": 0, "axis": "y", "origin": [6.85, 2.99571, 8.325]},
			"faces": {
				"north": {"uv": [16, 0, 0, 16], "rotation": 180, "texture": "#3"},
				"east": {"uv": [16, 0, 0, 16], "rotation": 180, "texture": "#3"},
				"south": {"uv": [16, 0, 0, 16], "rotation": 180, "texture": "#3"},
				"west": {"uv": [16, 0, 0, 16], "rotation": 180, "texture": "#3"},
				"up": {"uv": [16, 0, 0, 16], "rotation": 180, "texture": "#3"},
				"down": {"uv": [16, 0, 0, 16], "rotation": 180, "texture": "#3"}
			}
		},
		{
			"from": [7.575, 2.17071, 8.125],
			"to": [7.625, 2.42071, 8.175],
			"rotation": {"angle": 0, "axis": "y", "origin": [6.85, 2.99571, 8.025]},
			"faces": {
				"north": {"uv": [16, 0, 0, 16], "rotation": 180, "texture": "#3"},
				"east": {"uv": [16, 0, 0, 16], "rotation": 180, "texture": "#3"},
				"south": {"uv": [16, 0, 0, 16], "rotation": 180, "texture": "#3"},
				"west": {"uv": [16, 0, 0, 16], "rotation": 180, "texture": "#3"},
				"up": {"uv": [16, 0, 0, 16], "rotation": 180, "texture": "#3"},
				"down": {"uv": [16, 0, 0, 16], "rotation": 180, "texture": "#3"}
			}
		},
		{
			"from": [7.875, 1.55311, 8.3379],
			"to": [8.025, 2.75311, 8.4879],
			"rotation": {"angle": -22.5, "axis": "x", "origin": [7.95, 2.45311, 8.5129]},
			"faces": {
				"north": {"uv": [16, 0, 0, 16], "texture": "#1"},
				"east": {"uv": [16, 0, 0, 16], "rotation": 90, "texture": "#1"},
				"south": {"uv": [16, 0, 0, 16], "rotation": 180, "texture": "#1"},
				"west": {"uv": [16, 0, 0, 16], "rotation": 270, "texture": "#1"},
				"up": {"uv": [16, 0, 0, 16], "texture": "#1"},
				"down": {"uv": [16, 0, 0, 16], "rotation": 180, "texture": "#1"}
			}
		},
		{
			"from": [7.875, 2.22071, 7.775],
			"to": [8.025, 2.37071, 8.375],
			"rotation": {"angle": 45, "axis": "y", "origin": [7.95, 3.14571, 8.075]},
			"faces": {
				"north": {"uv": [16, 0, 0, 16], "texture": "#3"},
				"east": {"uv": [16, 0, 0, 16], "texture": "#3"},
				"south": {"uv": [16, 0, 0, 16], "texture": "#3"},
				"west": {"uv": [16, 0, 0, 16], "texture": "#3"},
				"up": {"uv": [16, 0, 0, 16], "texture": "#3"},
				"down": {"uv": [16, 0, 0, 16], "texture": "#3"}
			}
		},
		{
			"from": [7.875, 0.32071, 7.725],
			"to": [8.025, 2.07071, 8.425],
			"rotation": {"angle": 0, "axis": "y", "origin": [7.95, 1.24571, 8.075]},
			"faces": {
				"north": {"uv": [16, 0, 0, 16], "texture": "#5"},
				"east": {"uv": [16, 0, 0, 16], "texture": "#5"},
				"south": {"uv": [16, 0, 0, 16], "texture": "#5"},
				"west": {"uv": [16, 0, 0, 16], "texture": "#5"},
				"up": {"uv": [16, 0, 0, 16], "rotation": 270, "texture": "#5"},
				"down": {"uv": [16, 0, 0, 16], "rotation": 90, "texture": "#5"}
			}
		},
		{
			"from": [7.875, 0.32071, 7.725],
			"to": [8.025, 2.07071, 8.425],
			"rotation": {"angle": 22.5, "axis": "y", "origin": [7.95, 1.24571, 8.075]},
			"faces": {
				"north": {"uv": [16, 0, 0, 16], "texture": "#5"},
				"east": {"uv": [16, 0, 0, 16], "texture": "#5"},
				"south": {"uv": [16, 0, 0, 16], "texture": "#5"},
				"west": {"uv": [16, 0, 0, 16], "texture": "#5"},
				"up": {"uv": [16, 0, 0, 16], "rotation": 270, "texture": "#5"},
				"down": {"uv": [16, 0, 0, 16], "rotation": 90, "texture": "#5"}
			}
		},
		{
			"from": [7.875, 0.32071, 7.725],
			"to": [8.025, 2.07071, 8.425],
			"rotation": {"angle": 45, "axis": "y", "origin": [7.95, 1.24571, 8.075]},
			"faces": {
				"north": {"uv": [16, 0, 0, 16], "texture": "#5"},
				"east": {"uv": [16, 0, 0, 16], "texture": "#5"},
				"south": {"uv": [16, 0, 0, 16], "texture": "#5"},
				"west": {"uv": [16, 0, 0, 16], "texture": "#5"},
				"up": {"uv": [16, 0, 0, 16], "rotation": 270, "texture": "#5"},
				"down": {"uv": [16, 0, 0, 16], "rotation": 90, "texture": "#5"}
			}
		},
		{
			"from": [7.6, 0.32071, 8],
			"to": [8.3, 2.07071, 8.15],
			"rotation": {"angle": -22.5, "axis": "y", "origin": [7.95, 1.24571, 8.075]},
			"faces": {
				"north": {"uv": [16, 0, 0, 16], "texture": "#5"},
				"east": {"uv": [16, 0, 0, 16], "texture": "#5"},
				"south": {"uv": [16, 0, 0, 16], "texture": "#5"},
				"west": {"uv": [16, 0, 0, 16], "texture": "#5"},
				"up": {"uv": [16, 0, 0, 16], "rotation": 180, "texture": "#5"},
				"down": {"uv": [16, 0, 0, 16], "rotation": 180, "texture": "#5"}
			}
		},
		{
			"from": [7.5, 1.72071, 7.95],
			"to": [8.4, 1.97071, 8.2],
			"rotation": {"angle": -22.5, "axis": "y", "origin": [7.95, 1.94571, 8.075]},
			"faces": {
				"north": {"uv": [16, 0, 0, 16], "texture": "#5"},
				"east": {"uv": [16, 0, 0, 16], "texture": "#5"},
				"south": {"uv": [16, 0, 0, 16], "texture": "#5"},
				"west": {"uv": [16, 0, 0, 16], "texture": "#5"},
				"up": {"uv": [16, 0, 0, 16], "rotation": 180, "texture": "#5"},
				"down": {"uv": [16, 0, 0, 16], "rotation": 180, "texture": "#5"}
			}
		},
		{
			"from": [7.4, 1.32071, 7.95],
			"to": [8.5, 1.67071, 8.2],
			"rotation": {"angle": -22.5, "axis": "y", "origin": [7.95, 1.64571, 8.075]},
			"faces": {
				"north": {"uv": [16, 0, 0, 16], "texture": "#5"},
				"east": {"uv": [16, 0, 0, 16], "texture": "#5"},
				"south": {"uv": [16, 0, 0, 16], "texture": "#5"},
				"west": {"uv": [16, 0, 0, 16], "texture": "#5"},
				"up": {"uv": [16, 0, 0, 16], "rotation": 180, "texture": "#5"},
				"down": {"uv": [16, 0, 0, 16], "rotation": 180, "texture": "#5"}
			}
		},
		{
			"from": [7.35, 0.92071, 7.95],
			"to": [8.55, 1.27071, 8.2],
			"rotation": {"angle": -22.5, "axis": "y", "origin": [7.95, 1.24571, 8.075]},
			"faces": {
				"north": {"uv": [16, 0, 0, 16], "texture": "#5"},
				"east": {"uv": [16, 0, 0, 16], "texture": "#5"},
				"south": {"uv": [16, 0, 0, 16], "texture": "#5"},
				"west": {"uv": [16, 0, 0, 16], "texture": "#5"},
				"up": {"uv": [16, 0, 0, 16], "rotation": 180, "texture": "#5"},
				"down": {"uv": [16, 0, 0, 16], "rotation": 180, "texture": "#5"}
			}
		},
		{
			"from": [7.5, 0.52071, 7.95],
			"to": [8.4, 0.87071, 8.2],
			"rotation": {"angle": -22.5, "axis": "y", "origin": [7.95, 0.84571, 8.075]},
			"faces": {
				"north": {"uv": [16, 0, 0, 16], "texture": "#5"},
				"east": {"uv": [16, 0, 0, 16], "texture": "#5"},
				"south": {"uv": [16, 0, 0, 16], "texture": "#5"},
				"west": {"uv": [16, 0, 0, 16], "texture": "#5"},
				"up": {"uv": [16, 0, 0, 16], "rotation": 180, "texture": "#5"},
				"down": {"uv": [16, 0, 0, 16], "rotation": 180, "texture": "#5"}
			}
		},
		{
			"from": [7.5, 1.72071, 7.95],
			"to": [8.4, 1.97071, 8.2],
			"rotation": {"angle": 22.5, "axis": "y", "origin": [7.95, 1.94571, 8.075]},
			"faces": {
				"north": {"uv": [16, 0, 0, 16], "texture": "#5"},
				"east": {"uv": [16, 0, 0, 16], "texture": "#5"},
				"south": {"uv": [16, 0, 0, 16], "texture": "#5"},
				"west": {"uv": [16, 0, 0, 16], "texture": "#5"},
				"up": {"uv": [16, 0, 0, 16], "rotation": 180, "texture": "#5"},
				"down": {"uv": [16, 0, 0, 16], "rotation": 180, "texture": "#5"}
			}
		},
		{
			"from": [7.4, 1.32071, 7.95],
			"to": [8.5, 1.67071, 8.2],
			"rotation": {"angle": 22.5, "axis": "y", "origin": [7.95, 1.64571, 8.075]},
			"faces": {
				"north": {"uv": [16, 0, 0, 16], "texture": "#5"},
				"east": {"uv": [16, 0, 0, 16], "texture": "#5"},
				"south": {"uv": [16, 0, 0, 16], "texture": "#5"},
				"west": {"uv": [16, 0, 0, 16], "texture": "#5"},
				"up": {"uv": [16, 0, 0, 16], "rotation": 180, "texture": "#5"},
				"down": {"uv": [16, 0, 0, 16], "rotation": 180, "texture": "#5"}
			}
		},
		{
			"from": [7.35, 0.92071, 7.95],
			"to": [8.55, 1.27071, 8.2],
			"rotation": {"angle": 22.5, "axis": "y", "origin": [7.95, 1.24571, 8.075]},
			"faces": {
				"north": {"uv": [16, 0, 0, 16], "texture": "#5"},
				"east": {"uv": [16, 0, 0, 16], "texture": "#5"},
				"south": {"uv": [16, 0, 0, 16], "texture": "#5"},
				"west": {"uv": [16, 0, 0, 16], "texture": "#5"},
				"up": {"uv": [16, 0, 0, 16], "rotation": 180, "texture": "#5"},
				"down": {"uv": [16, 0, 0, 16], "rotation": 180, "texture": "#5"}
			}
		},
		{
			"from": [7.5, 0.52071, 7.95],
			"to": [8.4, 0.87071, 8.2],
			"rotation": {"angle": 22.5, "axis": "y", "origin": [7.95, 0.84571, 8.075]},
			"faces": {
				"north": {"uv": [16, 0, 0, 16], "texture": "#5"},
				"east": {"uv": [16, 0, 0, 16], "texture": "#5"},
				"south": {"uv": [16, 0, 0, 16], "texture": "#5"},
				"west": {"uv": [16, 0, 0, 16], "texture": "#5"},
				"up": {"uv": [16, 0, 0, 16], "rotation": 180, "texture": "#5"},
				"down": {"uv": [16, 0, 0, 16], "rotation": 180, "texture": "#5"}
			}
		},
		{
			"from": [7.825, 1.72071, 7.625],
			"to": [8.075, 1.97071, 8.525],
			"rotation": {"angle": -22.5, "axis": "y", "origin": [7.95, 1.94571, 8.075]},
			"faces": {
				"north": {"uv": [16, 0, 0, 16], "texture": "#5"},
				"east": {"uv": [16, 0, 0, 16], "texture": "#5"},
				"south": {"uv": [16, 0, 0, 16], "texture": "#5"},
				"west": {"uv": [16, 0, 0, 16], "texture": "#5"},
				"up": {"uv": [16, 0, 0, 16], "rotation": 90, "texture": "#5"},
				"down": {"uv": [16, 0, 0, 16], "rotation": 270, "texture": "#5"}
			}
		},
		{
			"from": [7.825, 1.32071, 7.525],
			"to": [8.075, 1.67071, 8.625],
			"rotation": {"angle": -22.5, "axis": "y", "origin": [7.95, 1.64571, 8.075]},
			"faces": {
				"north": {"uv": [16, 0, 0, 16], "texture": "#5"},
				"east": {"uv": [16, 0, 0, 16], "texture": "#5"},
				"south": {"uv": [16, 0, 0, 16], "texture": "#5"},
				"west": {"uv": [16, 0, 0, 16], "texture": "#5"},
				"up": {"uv": [16, 0, 0, 16], "rotation": 90, "texture": "#5"},
				"down": {"uv": [16, 0, 0, 16], "rotation": 270, "texture": "#5"}
			}
		},
		{
			"from": [7.825, 0.92071, 7.475],
			"to": [8.075, 1.27071, 8.675],
			"rotation": {"angle": -22.5, "axis": "y", "origin": [7.95, 1.24571, 8.075]},
			"faces": {
				"north": {"uv": [16, 0, 0, 16], "texture": "#5"},
				"east": {"uv": [16, 0, 0, 16], "texture": "#5"},
				"south": {"uv": [16, 0, 0, 16], "texture": "#5"},
				"west": {"uv": [16, 0, 0, 16], "texture": "#5"},
				"up": {"uv": [16, 0, 0, 16], "rotation": 90, "texture": "#5"},
				"down": {"uv": [16, 0, 0, 16], "rotation": 270, "texture": "#5"}
			}
		},
		{
			"from": [7.825, 0.52071, 7.625],
			"to": [8.075, 0.87071, 8.525],
			"rotation": {"angle": -22.5, "axis": "y", "origin": [7.95, 0.84571, 8.075]},
			"faces": {
				"north": {"uv": [16, 0, 0, 16], "texture": "#5"},
				"east": {"uv": [16, 0, 0, 16], "texture": "#5"},
				"south": {"uv": [16, 0, 0, 16], "texture": "#5"},
				"west": {"uv": [16, 0, 0, 16], "texture": "#5"},
				"up": {"uv": [16, 0, 0, 16], "rotation": 90, "texture": "#5"},
				"down": {"uv": [16, 0, 0, 16], "rotation": 270, "texture": "#5"}
			}
		},
		{
			"from": [7.825, 1.72071, 7.625],
			"to": [8.075, 1.97071, 8.525],
			"rotation": {"angle": 22.5, "axis": "y", "origin": [7.95, 1.94571, 8.075]},
			"faces": {
				"north": {"uv": [16, 0, 0, 16], "texture": "#5"},
				"east": {"uv": [16, 0, 0, 16], "texture": "#5"},
				"south": {"uv": [16, 0, 0, 16], "texture": "#5"},
				"west": {"uv": [16, 0, 0, 16], "texture": "#5"},
				"up": {"uv": [16, 0, 0, 16], "rotation": 90, "texture": "#5"},
				"down": {"uv": [16, 0, 0, 16], "rotation": 270, "texture": "#5"}
			}
		},
		{
			"from": [7.825, 1.32071, 7.525],
			"to": [8.075, 1.67071, 8.625],
			"rotation": {"angle": 22.5, "axis": "y", "origin": [7.95, 1.64571, 8.075]},
			"faces": {
				"north": {"uv": [16, 0, 0, 16], "texture": "#5"},
				"east": {"uv": [16, 0, 0, 16], "texture": "#5"},
				"south": {"uv": [16, 0, 0, 16], "texture": "#5"},
				"west": {"uv": [16, 0, 0, 16], "texture": "#5"},
				"up": {"uv": [16, 0, 0, 16], "rotation": 90, "texture": "#5"},
				"down": {"uv": [16, 0, 0, 16], "rotation": 270, "texture": "#5"}
			}
		},
		{
			"from": [7.825, 0.92071, 7.475],
			"to": [8.075, 1.27071, 8.675],
			"rotation": {"angle": 22.5, "axis": "y", "origin": [7.95, 1.24571, 8.075]},
			"faces": {
				"north": {"uv": [16, 0, 0, 16], "texture": "#5"},
				"east": {"uv": [16, 0, 0, 16], "texture": "#5"},
				"south": {"uv": [16, 0, 0, 16], "texture": "#5"},
				"west": {"uv": [16, 0, 0, 16], "texture": "#5"},
				"up": {"uv": [16, 0, 0, 16], "rotation": 90, "texture": "#5"},
				"down": {"uv": [16, 0, 0, 16], "rotation": 270, "texture": "#5"}
			}
		},
		{
			"from": [7.825, 0.52071, 7.625],
			"to": [8.075, 0.87071, 8.525],
			"rotation": {"angle": 22.5, "axis": "y", "origin": [7.95, 0.84571, 8.075]},
			"faces": {
				"north": {"uv": [16, 0, 0, 16], "texture": "#5"},
				"east": {"uv": [16, 0, 0, 16], "texture": "#5"},
				"south": {"uv": [16, 0, 0, 16], "texture": "#5"},
				"west": {"uv": [16, 0, 0, 16], "texture": "#5"},
				"up": {"uv": [16, 0, 0, 16], "rotation": 90, "texture": "#5"},
				"down": {"uv": [16, 0, 0, 16], "rotation": 270, "texture": "#5"}
			}
		}
	],
	"display": {
		"thirdperson_righthand": {
			"translation": [0, 13, -0.25],
			"scale": [2, 2, 2]
		},
		"thirdperson_lefthand": {
			"translation": [0, 12, -0.25],
			"scale": [2, 2, 2]
		},
		"firstperson_righthand": {
			"translation": [0, 14, 0],
			"scale": [2, 2, 2]
		},
		"firstperson_lefthand": {
			"translation": [0, 14, 0],
			"scale": [2, 2, 2]
		},
		"ground": {
			"translation": [0, 12, 0],
			"scale": [2, 2, 2]
		},
		"gui": {
			"rotation": [0, 90, 0],
			"translation": [0.25, 26, 0],
			"scale": [4, 4, 4]
		},
		"fixed": {
			"rotation": [90, 90, -90],
			"translation": [-0.5, 13, -1.75],
			"scale": [2, 2, 2]
		}
	}
}